id,category,subcategory,question,answer,keywords,audience,source_url,source_type,as_of,volatility,confidence,notes
kb-001,general,access,Does SCASPA issue access badges for port workers?,Personnel working in restricted areas at the airport or seaports are required to hold a valid SCASPA security identification or port access pass.,badge|access pass|security id|port pass|restricted area|credential,business,internal:scaspaexcel.xlsx#row-18,client-interview,2026-07-31,low,probable,"Standard ISPS/aviation-security practice and highly likely, but the issuing process is not published. Do not describe application steps. | REMAP: source 'client-supplied'->'client-interview': client asserted, unverified - trust tier UNCHANGED"
kb-002,general,careers,Can I email my CV to SCASPA?,"SCASPA's website directs applicants to an online application form rather than to an email address. Client-supplied guidance mentions an HR mailbox, but that address is unverified - use the official application form linked from the Join Our Team page.",cv|resume|email application|hr email|send resume|apply by email,business,https://www.scaspa.com/join-our-team.html,official-site,2026-07-31,medium,probable,CORRECTION: workbook supplies hr@scaspa.com. Deliberately NOT published - an unverified address can silently swallow applications. | REMAP: audience 'jobseeker'->'business': no jobseeker bucket in loader enum
kb-003,general,careers,Does SCASPA offer internships or student programmes?,Client-supplied guidance indicates SCASPA periodically runs internship and apprenticeship programmes for secondary and tertiary students. Enquire through the Join Our Team page or contact SCASPA directly.,internship|intern|student|apprentice|training|work experience|attachment,business,internal:scaspaexcel.xlsx#row-195,client-interview,2026-07-31,medium,probable,"Plausible for a statutory authority; no published programme found. | REMAP: audience 'jobseeker'->'business': no jobseeker bucket in loader enum; source 'client-supplied'->'client-interview': client asserted, unverified - trust tier UNCHANGED"
kb-004,general,careers,What qualifications does a SCASPA security officer need?,"Client-supplied guidance indicates a secondary school qualification, physical fitness, a clean police record and completion of security training. Confirm current requirements with SCASPA Human Resources before applying.",security officer|qualifications|requirements|job requirements|become|hiring criteria,business,internal:scaspaexcel.xlsx#row-196,client-interview,2026-07-31,medium,unverified,"Workbook-supplied. Do not present as an official job specification. | REMAP: audience 'jobseeker'->'business': no jobseeker bucket in loader enum; source 'client-supplied'->'client-interview': client asserted, unverified - trust tier UNCHANGED"
kb-005,general,contact,How do I contact SCASPA?,"SCASPA can be reached on (869) 465-8121, 465-8122, 465-8123 or 465-8124, or by email at info@scaspa.com.",contact|phone|telephone|email|reach|get in touch|call,all,https://www.scaspa.com/contact.html,official-site,2026-07-31,low,confirmed,Four numbers on the contact page; the site footer shows only 8121/2/3. Give 465-8121 as primary.
kb-006,general,contact,Where is SCASPA's head office?,"SCASPA's headquarters is at Bird Rock, Basseterre, at the Deep Water Harbour site, with the postal address P.O. Box 963, Bird Rock, Basseterre, St. Kitts.",head office|headquarters|hq|where is scaspa|admin building|main office,all,https://www.scaspa.com/contact.html,official-site,2026-07-31,low,confirmed,Bird Rock location verified on the contact page.
kb-007,general,contact,What postal address should I use for SCASPA?,"Write to the St. Christopher Air & Sea Ports Authority, P.O. Box 963, Bird Rock, Basseterre, St. Kitts, West Indies.",postal|address|mail|write|po box|send letter|correspondence,all,https://www.scaspa.com/contact.html,official-site,2026-07-31,low,confirmed,Address verified on the contact page.
kb-008,general,country,Where is St. Kitts and Nevis?,"The Federation of St. Kitts and Nevis lies in the northern Caribbean, roughly 2,100 km south-east of Miami. St. Kitts covers about 168 sq km and Nevis about 93 sq km, separated by a channel some 3 km wide. It is the smallest nation in the Americas by both land area and population.",where is st kitts|country|geography|island|federation|about the country,traveller,https://www.scaspa.com/our-history.html,official-site,2026-07-31,low,confirmed,SOURCE ERROR: the SCASPA page gives independence as 19 September 1993; the correct year is 1983. This row deliberately omits the date so the error is not propagated.
kb-009,general,currency,What currency is used at SCASPA facilities?,The official currency is the Eastern Caribbean Dollar (XCD). US Dollars are widely accepted across terminals and services in St. Kitts.,currency|money|xcd|ec dollar|usd|us dollars|what currency|payment,traveller,internal:scaspaexcel.xlsx#row-23,client-interview,2026-07-31,low,confirmed,"XCD is the national currency of St. Kitts and Nevis - independently established fact. | REMAP: source 'client-supplied'->'client-interview': client asserted, unverified - trust tier UNCHANGED"
kb-010,general,currency,What is the exchange rate between US and Eastern Caribbean dollars?,The Eastern Caribbean Dollar is pegged to the US Dollar at a fixed rate of USD 1.00 to XCD 2.70. Retailers and exchange bureaux may apply their own slightly different rates.,exchange rate|conversion|usd to xcd|rate|2.70|peg|convert,traveller,internal:scaspaexcel.xlsx#row-24,client-interview,2026-07-31,low,confirmed,"The 2.70 peg is a long-standing ECCB arrangement - independently established. Note added that vendor rates differ. | REMAP: source 'client-supplied'->'client-interview': client asserted, unverified - trust tier UNCHANGED"
kb-011,general,departments,What departments exist within SCASPA?,"SCASPA's published management structure covers human resources, security, finance, maintenance and equipment, procurement, quality control, cargo operations, marine and passenger operations, and airport operations.",departments|divisions|structure|org chart|teams|units,business,https://www.scaspa.com/management-team.html,official-site,2026-07-31,low,confirmed,"Derived from the published Management Team page rather than the workbook's list, which added a Communications department not shown on the site."
kb-012,general,digital,Where can I find SCASPA online?,"SCASPA's website is www.scaspa.com. On social media the Authority uses the handle scaspa1993 on Facebook, Instagram and YouTube, and maintains a LinkedIn page.",website|social media|facebook|instagram|linkedin|youtube|online,all,https://www.scaspa.com/index.html,official-site,2026-07-31,low,confirmed,The older domains scaspaair.com and scaspasea.com now point back to scaspa.com.
kb-013,general,feedback,How do I submit feedback or a complaint about SCASPA?,Feedback and complaints can be sent by email to info@scaspa.com or through the contact form on the SCASPA website.,complaint|feedback|comment|suggestion|report issue|customer service,all,https://www.scaspa.com/contact.html,official-site,2026-07-31,low,confirmed,Contact page and email verified.
kb-014,general,governance,Which government ministry oversees SCASPA?,"SCASPA falls under the Ministry of Tourism, Civil Aviation and International Transport of St. Kitts and Nevis. The Hon. Marsha T. Henderson is the Minister with responsibility for SCASPA.",ministry|minister|government|oversight|portfolio|who oversees|marsha henderson|government oversight|responsible minister|parking fees|parking tariff|how much parking,all,https://sknpulse.com/scaspa-renames-facility-2-waiting-lounge-in-honour-of-long-serving-employeee-ike-tross/,press,2026-03-13,medium,confirmed,Ministry title and Minister confirmed by March 2026 press coverage. Ministerial portfolios change with government. Merged duplicate phrasing from a second source row. | REMAP: source 'news-media'->'press': news article
kb-015,general,governance,Who governs SCASPA's operations?,"SCASPA is governed by a Board of Directors appointed by the Government of St. Kitts and Nevis, working alongside the executive management team.",board|board of directors|governance|who governs|chairman|directors,all,internal:scaspaexcel.xlsx#row-12,client-interview,2026-07-31,medium,probable,"Board structure is standard for a statutory authority and consistent with press coverage naming a Chairman. Current board membership NOT verified - do not name individuals. | REMAP: source 'client-supplied'->'client-interview': client asserted, unverified - trust tier UNCHANGED"
kb-016,general,hours,What are SCASPA's opening hours?,"Seaport offices are open Monday to Friday, 8:00 am to 4:00 pm. The airport operates daily from 6:00 am to 9:00 pm.",opening hours|office hours|what time open|closing time|business hours,all,https://www.scaspa.com/contact.html,official-site,2026-07-31,medium,confirmed,"AMBIGUITY TRAP: 'what time do you open' must be disambiguated between seaport and airport. Ask which, or give both."
kb-017,general,hours,Does SCASPA operate 24 hours a day?,"Administrative offices keep standard weekday hours, but operational units including airport operations, air traffic control, seaport security and marine pilots work extended or round-the-clock schedules depending on vessel and flight activity.",24/7|round the clock|always open|night|overnight|operating hours,all,internal:scaspaexcel.xlsx#row-14,client-interview,2026-07-31,low,probable,"Consistent with the berthing PDF showing pilots on call. Specific shift patterns not published. | REMAP: source 'client-supplied'->'client-interview': client asserted, unverified - trust tier UNCHANGED"
kb-018,general,legal,Where can I find the legislation governing SCASPA?,SCASPA publishes the Port Act in the Information section of its website. This is the primary legislation governing the Authority's powers and operations.,port act|law|legislation|legal|statute|regulations|act,business,https://www.scaspa.com/port-act.html,official-site,2026-07-31,low,confirmed,Page confirmed in navigation; text of the Act not inspected.
kb-019,general,lost,How does SCASPA handle lost and found items?,"Items found in common port or airport areas are handed to SCASPA Security or airport customer service. Items left on board an aircraft or cruise ship must be claimed through the airline or cruise line, not SCASPA.",lost|found|lost property|missing item|left behind|lost and found,traveller,internal:scaspaexcel.xlsx#row-26,client-interview,2026-07-31,low,probable,"Split of responsibility between SCASPA and carriers is the key point and is sound; specific desk locations unverified. | REMAP: source 'client-supplied'->'client-interview': client asserted, unverified - trust tier UNCHANGED"
kb-020,general,policy,Is smoking permitted at SCASPA facilities?,"Smoking is prohibited inside terminal buildings, cargo facilities and restricted apron and dock areas. Designated exterior smoking zones are marked at the airport.",smoking|smoke|cigarette|vape|designated area|no smoking,traveller,internal:scaspaexcel.xlsx#row-22,client-interview,2026-07-31,low,probable,"Standard terminal policy, very likely accurate, but not published on scaspa.com. | REMAP: source 'client-supplied'->'client-interview': client asserted, unverified - trust tier UNCHANGED"
kb-021,general,policy,Is photography or filming allowed at SCASPA facilities?,"Photography and filming are prohibited in security screening areas, immigration halls and restricted tarmac or dock areas without prior written permission. General photography in public areas is normally acceptable.",photography|filming|camera|photos|video|drone footage|recording,traveller,internal:scaspaexcel.xlsx#row-25,client-interview,2026-07-31,low,probable,"Standard security policy; permission process not published. | REMAP: source 'client-supplied'->'client-interview': client asserted, unverified - trust tier UNCHANGED"
kb-022,general,procurement,Does SCASPA advertise tenders or procurement opportunities?,"SCASPA has a Procurement Manager and, according to client-supplied guidance, publishes public tenders and procurement notices on its website and in national newspapers. Confirm current notices directly with SCASPA Procurement.",tender|procurement|bid|rfp|supplier|contract|opportunities,business,internal:scaspaexcel.xlsx#row-21,client-interview,2026-07-31,medium,probable,"Procurement Manager role confirmed on the Management Team page; the publication channels are workbook-supplied. | REMAP: source 'client-supplied'->'client-interview': client asserted, unverified - trust tier UNCHANGED"
kb-023,general,publications,Where can I find SCASPA press releases and announcements?,"Official news and press releases are published on the SCASPA website under Press Releases, within the Official Statements section, and shared on its social media channels.",press release|news|announcements|updates|statements|media,all,https://www.scaspa.com/press-releases.html,official-site,2026-07-31,medium,confirmed,Press Releases page confirmed present in site navigation.
kb-024,general,refunds,What is SCASPA's refund policy?,SCASPA publishes a Refunds and Cancellation Policy document on its website. Client-supplied guidance indicates refund requests should be made in writing to the Finance Department with supporting receipts.,refund|cancellation|money back|reimbursement|policy,business,https://www.scaspa.com/uploads/9/5/2/1/95213570/refund_policy_scaspa.pdf,official-site,2026-07-31,medium,probable,Policy PDF confirmed to exist in site footer but its contents were not read. Procedure detail is workbook-supplied.
kb-025,general,reports,Does SCASPA publish annual financial reports?,SCASPA maintains an Audited Financial Statements page within the Information section of its website. Availability of specific years should be checked on that page.,annual report|financial statements|accounts|audited|reports|finances,business,https://www.scaspa.com/audited-financial-statements.html,official-site,2026-07-31,medium,confirmed,Page confirmed in site navigation; contents of individual statements not inspected.
kb-026,general,scope,"Can SCASPA help with hotel, tour or visa enquiries?","No. SCASPA operates the airport and seaports; it does not arrange accommodation or tours, or handle immigration and visa matters. For tourism enquiries contact the St. Kitts Tourism Authority, and for entry requirements contact national immigration.",hotel|tour|visa|accommodation|booking|holiday|what can you help with,traveller,https://www.scaspa.com/world-class-air-and-sea-gateways.html,official-site,2024-05-09,low,confirmed,"EXPLICIT OUT-OF-SCOPE ROW. Gives the assistant a clean, non-apologetic way to decline and redirect."
kb-027,general,security,How do I report a security concern at a SCASPA facility?,"Report security concerns directly to the SCASPA Port Security officers on duty at any facility, or call SCASPA on (869) 465-8121. In an emergency, call 911 first.",report security|security concern|suspicious|incident|report problem|threat,all,internal:scaspaexcel.xlsx#row-15,client-interview,2026-07-31,low,probable,"Switchboard number is verified; the routing advice is reasonable practice. Emergency 911 added by us - see kb-042. | REMAP: source 'client-supplied'->'client-interview': client asserted, unverified - trust tier UNCHANGED"
kb-028,general,vendors,How can suppliers register as approved SCASPA vendors?,"Suppliers are advised to submit company credentials including a business licence, tax identification number and details of products or services to SCASPA Procurement. Confirm the current requirements with SCASPA before submitting.",vendor|supplier|register|approved supplier|procurement registration,business,internal:scaspaexcel.xlsx#row-197,client-interview,2026-07-31,medium,probable,"Workbook-supplied requirement list; not published by SCASPA. Treat as indicative. | REMAP: source 'client-supplied'->'client-interview': client asserted, unverified - trust tier UNCHANGED"
kb-029,general,visits,How do I request a tour of SCASPA facilities for a school or organisation?,"Formal written requests for educational or institutional tours should be addressed to the Chief Executive Officer or the communications function, by email to info@scaspa.com. Tours are limited to approved groups and require pre-approval.",tour|school visit|site visit|educational|group visit|field trip,all,internal:scaspaexcel.xlsx#row-19,client-interview,2026-07-31,low,probable,"Email address verified; the approval process is workbook-supplied and plausible but unconfirmed. | REMAP: source 'client-supplied'->'client-interview': client asserted, unverified - trust tier UNCHANGED"
kb-030,airport,accessibility,Is wheelchair assistance available at the airport?,Wheelchair assistance is normally arranged by airline ground handlers rather than by SCASPA. Request assistance in advance directly through your airline.,wheelchair|disabled|accessibility|mobility|assistance|special needs|handicap,traveller,internal:scaspaexcel.xlsx#row-47,client-interview,2026-07-31,low,probable,"The airline-responsibility split is the important and reliable part of this answer. | REMAP: source 'client-supplied'->'client-interview': client asserted, unverified - trust tier UNCHANGED"
kb-031,airport,accessibility,Is the airport terminal accessible for passengers with disabilities?,"Client-supplied guidance describes step-free access, ramps, accessible restrooms and dedicated drop-off areas. SCASPA does not publish an accessibility statement, so passengers with specific needs should contact their airline and SCASPA in advance.",accessible|step free|ramp|accessible toilet|disability access|mobility,traveller,internal:scaspaexcel.xlsx#row-48,client-interview,2026-07-31,low,unverified,"ACCESSIBILITY ROW - a wrong answer here strands someone. Deliberately hedged and routes to advance contact. | REMAP: source 'client-supplied'->'client-interview': client asserted, unverified - trust tier UNCHANGED"
kb-032,airport,airlines,Which airlines fly to St. Kitts?,"Around eleven carriers serve the airport. They include American Airlines, Delta Air Lines, United Airlines, JetBlue, Cape Air, Caribbean Airlines, InterCaribbean and Sunrise Airways, alongside other regional operators.",airlines|carriers|which airlines|who flies|american|jetblue|delta|united|british airways|air canada|winair,traveller,https://www.scaspa.com/world-class-air-and-sea-gateways.html,official-site,2024-05-09,high,probable,"Route networks change every season. Present as indicative, never as a complete current list; direct the user to the airline for booking. Merged duplicate phrasing from a second source row."
kb-033,airport,airlines,Which cities have direct flights to St. Kitts?,"Direct services have operated from hubs including Miami, Charlotte, Atlanta, New York, Toronto, London Gatwick, San Juan and several Caribbean points, some seasonally. Route maps change frequently, so confirm with the airline.",direct flights|nonstop|hubs|from miami|from london|from new york|routes,traveller,internal:scaspaexcel.xlsx#row-31,client-interview,2026-07-31,high,unverified,"Seasonal and volatile. Workbook-supplied and unverified. Route to airlines. | REMAP: source 'client-supplied'->'client-interview': client asserted, unverified - trust tier UNCHANGED"
kb-034,airport,arrival,Where do arriving passengers clear immigration and customs?,"Arriving passengers proceed from the aircraft into the arrivals hall for immigration processing and baggage claim, followed by customs inspection. Immigration and Customs are separate government agencies, not SCASPA.",immigration|customs|arrivals|clear|border|passport control|entry,traveller,internal:scaspaexcel.xlsx#row-45,client-interview,2026-07-31,low,probable,"SCOPE NOTE added by us: border processing is not SCASPA's function. | REMAP: source 'client-supplied'->'client-interview': client asserted, unverified - trust tier UNCHANGED"
kb-035,airport,arrival,Can I meet arriving passengers inside the customs hall?,No. Greeters must wait in the public arrivals area outside the terminal; the customs and immigration halls are restricted border-control areas.,meet|greet|waiting|pick up someone|arrivals hall|welcome|inside,traveller,internal:scaspaexcel.xlsx#row-52,client-interview,2026-07-31,low,probable,"Standard border-control practice. | REMAP: source 'client-supplied'->'client-interview': client asserted, unverified - trust tier UNCHANGED"
kb-036,airport,aviation,Can private jets and charters use the airport?,"Yes. The airport provides facilities for cargo and private aviation, and fixed-base operator services are available for private and corporate charter traffic.",private jet|charter|fbo|corporate|general aviation|business jet,business,https://www.scaspa.com/airport-about.html,official-site,2026-07-31,low,confirmed,SCASPA's About page confirms cargo and private jet facilities. FBO branding is corroborated by external listings.
kb-037,airport,aviation,Who provides air traffic control at the airport?,"SCASPA operates air traffic control at RLB International Airport, and its management structure includes a Senior Air Traffic Control Officer. Aviation operators should use published aeronautical frequencies rather than relying on this service for operational contact.",atc|air traffic control|tower|controller|frequency|aviation contact,business,https://www.scaspa.com/airport-about.html,official-site,2026-07-31,low,confirmed,Senior ATC Officer role confirmed on airport-about page. Deliberately does NOT publish frequencies - pilots must use AIP.
kb-038,airport,aviation,Does the airport have fire and rescue services?,"Client-supplied guidance states SCASPA operates an Airport Rescue and Fire Fighting service. SCASPA's published management structure includes security and maintenance functions, but ARFF is not separately described on its website.",arff|fire|rescue|emergency services|fire fighting|crash,business,internal:scaspaexcel.xlsx#row-204,client-interview,2026-07-31,low,probable,"ARFF is an ICAO requirement for an international airport, so almost certainly present, but not published by SCASPA. | REMAP: source 'client-supplied'->'client-interview': client asserted, unverified - trust tier UNCHANGED"
kb-039,airport,aviation,What is the Civil Aviation Division?,"The Civil Aviation Division regulates civil aviation safety and standards in St. Kitts and Nevis. It is a separate regulator from SCASPA, which operates the airport.",cad|civil aviation|regulator|authority|aviation safety|who regulates,business,internal:scaspaexcel.xlsx#row-105,client-interview,2026-07-31,low,probable,"SCOPE ROW - distinguishes the regulator from the operator. | REMAP: source 'client-supplied'->'client-interview': client asserted, unverified - trust tier UNCHANGED"
kb-040,airport,baggage,What do I do if my baggage is lost or damaged?,"Report missing or damaged baggage to your airline's baggage service counter in the arrivals baggage hall before clearing customs. Baggage handling and compensation are the airline's responsibility, not SCASPA's.",lost baggage|damaged|missing bag|delayed baggage|claim|luggage lost,traveller,internal:scaspaexcel.xlsx#row-53,client-interview,2026-07-31,low,probable,"Airline-responsibility split is the reliable core of this answer. | REMAP: source 'client-supplied'->'client-interview': client asserted, unverified - trust tier UNCHANGED"
kb-041,airport,cargo,Does the airport handle air cargo?,"Yes. SCASPA states the airport provides facilities for cargo as well as private jets. Client-supplied guidance names regional operators such as Amerijet, FedEx and DHL, though carrier presence should be confirmed directly.",air cargo|freight|amerijet|fedex|dhl|cargo flights|air freight,cargo,https://www.scaspa.com/airport-about.html,official-site,2026-07-31,medium,probable,Cargo facilities confirmed by SCASPA; specific carriers are workbook-supplied and unverified.
kb-042,airport,checkin,How early should I arrive at the airport?,"SCASPA does not publish a recommended check-in time. Check-in and bag-drop cut-offs are set by each airline, so follow the guidance on your ticket or the airline's website.",how early|check in time|arrive before flight|cut off|before departure,traveller,https://www.scaspa.com/airport.html,official-site,2026-07-31,low,confirmed,Deliberately gives no number. A plausible-sounding 'two to three hours' would be fabrication; the honest answer is that the airline sets it.
kb-043,airport,checkin,How early should I arrive at the airport before my flight?,"Client-supplied guidance suggests three hours before an international departure and two hours for regional Caribbean flights, but SCASPA does not publish an official figure. Your airline's stated check-in deadline is authoritative - follow that.",how early|arrive|check in time|before flight|advance|when to arrive,traveller,internal:scaspaexcel.xlsx#row-32,client-interview,2026-07-31,medium,unverified,"Deliberately hedged. No SCASPA-published figure exists; airline guidance governs. | REMAP: source 'client-supplied'->'client-interview': client asserted, unverified - trust tier UNCHANGED"
kb-044,airport,checkin,When do check-in counters close?,"Client-supplied guidance indicates counters close 60 minutes before an international departure, but this is set by each airline rather than SCASPA. Confirm with your carrier.",check in close|counter close|cut off|deadline|too late|closing,traveller,internal:scaspaexcel.xlsx#row-106,client-interview,2026-07-31,medium,unverified,"Airline-set, not SCASPA-set. Do not state as port policy. | REMAP: source 'client-supplied'->'client-interview': client asserted, unverified - trust tier UNCHANGED"
kb-045,airport,codes,What is the airport code for St. Kitts?,Robert L. Bradshaw International Airport uses the IATA code SKB and the ICAO code TKPK.,iata|icao|airport code|skb|tkpk|code,traveller,https://en.wikipedia.org/wiki/Robert_L._Bradshaw_International_Airport,reference,2026-07-31,low,confirmed,Codes cross-checked across several independent aviation references. Not stated on scaspa.com.
kb-046,airport,customs,What must I declare to Customs when arriving?,"Customs requires declaration of commercial goods, agricultural products, plants and animals, fresh food and meat, firearms, and currency above the reporting threshold. Customs and Excise sets these rules, not SCASPA - check with them for current thresholds.",declare|declaration|customs|bring in|import|goods|cash limit,traveller,internal:scaspaexcel.xlsx#row-94,regulator,2026-07-31,medium,probable,"SCOPE ROW. Workbook's USD 10,000 threshold deliberately omitted - a regulator-set figure the bot must not assert."
kb-047,airport,customs,What is the duty-free allowance when entering St. Kitts?,"Duty-free allowances for alcohol, tobacco, perfume and personal gifts are set by the Customs and Excise Department. Specific quantities and values change - confirm current allowances with Customs before travelling.",duty free allowance|allowance|how much can i bring|alcohol limit|tobacco,traveller,internal:scaspaexcel.xlsx#row-95,regulator,2026-07-31,medium,unverified,SCOPE + WITHHOLDING. Workbook gives specific litres and an EC$100 gift value; deliberately withheld as regulator-set and unverified.
kb-048,airport,customs,"Can I bring meat, fruit or vegetables into St. Kitts?","Meat products, fresh fruit and vegetables generally require a permit or phytosanitary certificate from the Ministry of Agriculture. Contact the Ministry before travelling with agricultural goods.",meat|fruit|vegetables|food|agriculture|plants|permit|phytosanitary,traveller,internal:scaspaexcel.xlsx#row-96,regulator,2026-07-31,low,probable,"SCOPE ROW - Ministry of Agriculture, not SCASPA."
kb-049,airport,customs,Is camouflage clothing allowed in St. Kitts?,Camouflage clothing and gear are restricted for civilian use in St. Kitts and Nevis and may be confiscated on entry. Leave camouflage items at home.,camouflage|camo|military clothing|army print|banned clothing,traveller,internal:scaspaexcel.xlsx#row-98,regulator,2026-07-31,low,probable,"A genuine and unusual regional restriction, consistent across several Caribbean states. High value for visitors."
kb-050,airport,customs,Can I bring a pet into St. Kitts?,Animals require an import permit from the veterinary authority and are inspected on arrival. Only service animals and pets in approved carriers with veterinary clearance are permitted in the terminal. Apply well in advance.,pet|dog|cat|animal|import permit|service animal|travel with pet,traveller,internal:scaspaexcel.xlsx#row-117,regulator,2026-07-31,medium,probable,"SCOPE ROW - veterinary/agriculture authority, not SCASPA."
kb-051,airport,customs,"Can I take coral, shells or sand out of St. Kitts?","Removing live coral, protected shells or quantities of sand is restricted under environmental protection law. Do not pack these items.",coral|shells|sand|souvenir|take home|environmental|protected,traveller,internal:scaspaexcel.xlsx#row-107,regulator,2026-07-31,low,probable,Consistent with regional environmental law.
kb-052,airport,drones,Can I bring or fly a drone in St. Kitts?,Drones must be declared to Customs on arrival and require approval from the Civil Aviation Division and the police before being flown. Flying a drone near the airport or its approach paths is prohibited.,drone|uav|quadcopter|fly drone|aerial|remote control,traveller,internal:scaspaexcel.xlsx#row-103,regulator,2026-07-31,medium,probable,Workbook's specific 5 km radius omitted as unverified; the prohibition itself is stated generally.
kb-053,airport,facilities,What facilities are available at the airport?,"The terminal has baggage screening and passenger security technology, baggage handling, flight information display monitors throughout the building, and six departure gates. Facilities are also provided for cargo aircraft and private jets.",facilities|amenities|what is there|terminal|gates|services|lounge,traveller,https://www.scaspa.com/airport-about.html,official-site,2026-07-31,medium,confirmed,Retail and food concessions are not listed on SCASPA's current pages; do not enumerate specific shops.
kb-054,airport,facilities,Is there Wi-Fi at the airport?,"Client-supplied guidance states complimentary public Wi-Fi is available in the passenger terminal and departure lounge. SCASPA does not publish this, so availability and any charge should be confirmed on arrival.",wifi|wi-fi|internet|wireless|connectivity|online|network,traveller,internal:scaspaexcel.xlsx#row-37,client-interview,2026-07-31,medium,unverified,"Workbook-supplied. Frequently asked and frequently wrong; do not promise free Wi-Fi as fact. | REMAP: source 'client-supplied'->'client-interview': client asserted, unverified - trust tier UNCHANGED"
kb-055,airport,facilities,Are there ATMs at the airport?,"Client-supplied guidance indicates ATMs are located in the public departure area and the post-security lounge, dispensing Eastern Caribbean Dollars and accepting major international cards. Availability should be confirmed on arrival.",atm|cash machine|cash|withdraw|bank machine|money,traveller,internal:scaspaexcel.xlsx#row-57,client-interview,2026-07-31,medium,unverified,"Workbook-supplied; not published by SCASPA. | REMAP: source 'client-supplied'->'client-interview': client asserted, unverified - trust tier UNCHANGED"
kb-056,airport,facilities,Is there a currency exchange at the airport?,"Client-supplied guidance describes a cambio in the departure terminal offering currency exchange, credit card cash advances and travellers' cheque services. Opening hours quoted in that source are not verified - confirm locally.",cambio|currency exchange|bureau de change|exchange money|forex,traveller,internal:scaspaexcel.xlsx#row-60,client-interview,2026-07-31,medium,unverified,"Workbook quotes daily 5:00 am - 9:00 pm; that specific window is unverified and deliberately omitted from the answer. | REMAP: source 'client-supplied'->'client-interview': client asserted, unverified - trust tier UNCHANGED"
kb-057,airport,facilities,Is there a post office at the airport?,Client-supplied guidance describes a post office branch in the public departures area offering stamps and mailing services. The specific opening hours in that source are unverified - confirm locally before relying on them.,post office|mail|stamps|postal|send mail|postcard,traveller,internal:scaspaexcel.xlsx#row-62,client-interview,2026-07-31,medium,unverified,"Workbook gives oddly precise hours (Mon 8:00-3:00, Tue-Fri 8:00-3:15). Precision without a source is a hallucination signal - omitted. | REMAP: source 'client-supplied'->'client-interview': client asserted, unverified - trust tier UNCHANGED"
kb-058,airport,facilities,Are there shops and duty-free at the airport?,"Client-supplied guidance describes duty-free shops in the post-security departure lounge selling liquor, perfume, jewellery and local crafts, primarily configured for departing passengers. Tenant mix changes, so confirm on the day.",duty free|shops|shopping|retail|souvenirs|liquor|perfume,traveller,internal:scaspaexcel.xlsx#row-67,client-interview,2026-07-31,medium,unverified,"Workbook-supplied; retail tenancy is not a SCASPA-published matter. | REMAP: source 'client-supplied'->'client-interview': client asserted, unverified - trust tier UNCHANGED"
kb-059,airport,facilities,Are there restaurants or food outlets at the airport?,"Client-supplied guidance describes food outlets and snack bars both landside and in the airside departure lounge, offering drinks, pastries, sandwiches and local dishes. Confirm current outlets and hours on the day.",food|restaurant|eat|snack|cafe|bar|drinks|dining,traveller,internal:scaspaexcel.xlsx#row-69,client-interview,2026-07-31,medium,unverified,"Workbook-supplied. | REMAP: source 'client-supplied'->'client-interview': client asserted, unverified - trust tier UNCHANGED"
kb-060,airport,facilities,Are charging points available in the departure lounge?,Client-supplied guidance indicates power outlets and charging stations are available around the gate seating areas. Not published by SCASPA.,charging|power|outlet|plug|charge phone|socket|usb,traveller,internal:scaspaexcel.xlsx#row-73,client-interview,2026-07-31,low,unverified,"Workbook-supplied. | REMAP: source 'client-supplied'->'client-interview': client asserted, unverified - trust tier UNCHANGED"
kb-061,airport,facilities,Are baby changing facilities available at the airport?,Client-supplied guidance indicates baby changing stations are located in selected restrooms in the main departure lounge. Not published by SCASPA.,baby|nursing|changing|infant|family|child|nappy|diaper,traveller,internal:scaspaexcel.xlsx#row-51,client-interview,2026-07-31,low,unverified,"Workbook-supplied. | REMAP: source 'client-supplied'->'client-interview': client asserted, unverified - trust tier UNCHANGED"
kb-062,airport,facilities,Is there a medical facility at the airport?,"Client-supplied guidance describes an ambulance centre in the public departures area. The operating hours in that source are unverified. In a medical emergency at any SCASPA facility, call 911.",medical|doctor|ambulance|first aid|clinic|sick|health|emergency,traveller,internal:scaspaexcel.xlsx#row-50,client-interview,2026-07-31,medium,unverified,"SAFETY-ADJACENT. Workbook's 6am-10pm window omitted as unverified; 911 added as the reliable action. | REMAP: source 'client-supplied'->'client-interview': client asserted, unverified - trust tier UNCHANGED"
kb-063,airport,facilities,Is luggage storage available at the airport?,Client-supplied guidance states that left-luggage and locker facilities are not available at the airport for aviation security reasons. Confirm with SCASPA if you need to store items.,luggage storage|locker|left luggage|store bags|hold luggage|bag storage,traveller,internal:scaspaexcel.xlsx#row-36,client-interview,2026-07-31,low,probable,"A negative answer, so lower risk - most small international airports do not offer this. | REMAP: source 'client-supplied'->'client-interview': client asserted, unverified - trust tier UNCHANGED"
kb-064,airport,facilities,Does the airport have a VIP or executive lounge?,"Client-supplied guidance describes VIP and executive lounge facilities for premium and private aviation travellers, bookable through an airline premium desk or private aviation agent. Not published by SCASPA - confirm directly.",vip|lounge|executive|premium|business lounge|airport lounge,traveller,internal:scaspaexcel.xlsx#row-64,client-interview,2026-07-31,medium,unverified,"Workbook-supplied. | REMAP: source 'client-supplied'->'client-interview': client asserted, unverified - trust tier UNCHANGED"
kb-065,airport,flights,How do I check my flight status at the airport?,"Flight information screens are displayed inside the terminal, and live status is available from your operating airline's website or app. SCASPA also maintains a flights page on its website.",flight status|delayed|on time|screens|fids|check flight|live status,traveller,https://www.scaspa.com/flights-airport.html,official-site,2026-07-31,high,probable,Flights page confirmed to exist. Screens/app advice is workbook-supplied but unremarkable.
kb-066,airport,hours,What time does the passenger terminal open?,"SCASPA publishes airport hours of 6:00 am to 9:00 pm daily. Client-supplied guidance suggests the terminal opens around 5:00 am ahead of the first departure and stays open until the last flight clears; where these differ, the published hours are the official position.",terminal open|what time open|first flight|early morning|terminal hours,traveller,https://www.scaspa.com/contact.html,official-site,2026-07-31,medium,probable,"CONFLICT: workbook says ~5:00 am, official contact page says 6:00 am. Official figure leads; conflict disclosed."
kb-067,airport,identity,What is the airport in St. Kitts called?,"Robert L. Bradshaw International Airport, formerly known as Golden Rock Airport. It sits just north-east of Basseterre.",airport name|rlb|bradshaw|golden rock|which airport|st kitts airport,traveller,https://www.scaspa.com/airport-about.html,official-site,2026-07-31,low,confirmed,"Also written Robert Llewellyn Bradshaw International Airport, abbreviated RLBIA or RLB."
kb-068,airport,identity,Who was the airport named after?,"The airport is named after Robert Llewellyn Bradshaw, the first Premier of St. Kitts-Nevis-Anguilla.",named after|bradshaw|who was bradshaw|premier|name origin,traveller,https://www.scaspa.com/airport-about.html,official-site,2026-07-31,low,confirmed,
kb-069,airport,immigration,Do I need to fill in an immigration form?,"Yes. St. Kitts and Nevis uses an online travel form, which SCASPA links from its airport page at knatravelform.kn.",immigration form|travel form|entry form|customs form|arrival card,traveller,https://www.scaspa.com/airport.html,official-site,2026-07-31,medium,confirmed,"Operated by national immigration, not SCASPA. Link only; never advise on immigration eligibility."
kb-070,airport,infrastructure,How long is the runway?,"SCASPA's current company profile gives the runway as 2,321 metres (7,617 feet). An older page on the same site cites 8,002 feet, so confirm directly with SCASPA if an exact figure matters operationally.",runway length|how long runway|8002|2321|runway size,business,https://www.scaspa.com/company-profile.html,official-site,2026-07-31,low,probable,"UNRESOLVED CONFLICT between two official SCASPA pages, a gap of roughly 118 m. Never state either figure as definitive. Flagged for client verification."
kb-071,airport,infrastructure,What size aircraft can the airport handle?,"The airport accommodates commercial wide-body jets, with apron capacity for up to six wide-bodied aircraft at once. Aircraft operating there have included the British Airways Boeing 777; the largest ever to land was a Boeing 747-400.",aircraft size|wide body|747|777|jumbo jet|capacity|can it handle,business,https://www.scaspa.com/airport-about.html,official-site,2026-07-31,low,confirmed,
kb-072,airport,infrastructure,What is the airport's elevation and runway designation?,The airport sits at approximately 170 feet (52 metres) above sea level and has a single runway designated 07/25.,elevation|altitude|runway designation|07|25|single runway|height,business,https://en.wikipedia.org/wiki/Robert_L._Bradshaw_International_Airport,reference,2026-07-31,low,probable,"From aviation references, not SCASPA. Pilots must use current AIP/NOTAM data, never a chatbot. | REMAP: audience 'shipping'->'business': professional/commercial user, not a passenger"
kb-073,airport,infrastructure,How much did the 2006 airport renovation cost?,"The renovation completed in December 2006 is reported to have cost around US$17 million, financed through loans from the St. Kitts-Nevis-Anguilla National Bank and from Taiwan.",renovation cost|17 million|expansion cost|funding|investment|2006,business,https://en.wikipedia.org/wiki/Robert_L._Bradshaw_International_Airport,reference,2026-07-31,low,probable,"Cost and financing are from a reference source, not SCASPA. Treat as background only."
kb-074,airport,location,How far is the airport from downtown Basseterre?,"The airport lies just northeast of Basseterre, roughly 3 kilometres (about 2 miles) from the town centre, in the Golden Rock area.",how far|distance|location|where is airport|golden rock|from town,traveller,https://www.scaspa.com/airport-about.html,official-site,2026-07-31,low,confirmed,'Just northeast of Basseterre' is SCASPA's wording; the 3 km figure is corroborated by aviation references.
kb-075,airport,parking,How much does airport parking cost?,"SCASPA does not publish parking rates on its website. Monthly and annual parking decals can be paid through the online portal at pay.scaspa.com, which calculates the amount at checkout, or you can call (869) 465-8121.",parking|car park|parking fee|decal|parking cost|rates|daily ferry schedule|how often ferries|ferry frequency,traveller,https://pay.scaspa.com/,official-site,2026-07-31,medium,confirmed,NO FIGURE IS PUBLISHED. The portal shows categories but not prices until checkout. Never quote an amount. | REMAP: source 'official-portal'->'official-site': pay.scaspa.com is SCASPA-operated
kb-076,airport,projects,What was the apron rehabilitation project?,"The RLBIA Apron Rehabilitation Project addressed severe cracking on the apron and connected commercial taxiways Bravo and Charlie. Announced as ongoing in November 2023, it was completed in December 2023, ahead of schedule. The apron now sits directly in front of the terminal, so aircraft park closer and passengers reach the terminal faster.",apron|rehabilitation|apron project|cracks|taxiway|resurfacing,business,https://www.scaspa.com/world-class-air-and-sea-gateways.html,official-site,2024-05-09,low,confirmed,"Several news outlets wrote 'runways Bravo and Charlie'; these are taxiways. Completed, so now stable."
kb-077,airport,projects,Has the airport added new gates?,"Yes. A sixth departure gate was added, with a new stairway and ramp, boosting operational capacity and easing passenger flow through the departure lounge.",gate 6|sixth gate|new gate|departure lounge|expansion,traveller,https://www.scaspa.com/world-class-air-and-sea-gateways.html,official-site,2024-05-09,low,confirmed,"Announced October 2023, confirmed complete in the May 2024 CEO interview."
kb-078,airport,projects,What is the common-use platform at the airport?,"A common-use terminal equipment system supplied by SITA, letting any airline operate from any check-in position rather than reserving dedicated counters. It was scheduled to go live in February 2025 and is intended to cut wait times and streamline check-in and baggage processes.",common use|sita|self check in|cute|check in system|shared counters,business,https://www.sknis.gov.kn/2024/12/18/scaspa-to-introduce-common-use-platforms-at-the-rlb-international-airport-in-2025-to-streamline-services-and-improve-efficiency/,press,2024-12-18,medium,probable,"Go-live was announced but not independently confirmed as delivered. Say 'was scheduled', not 'is in use', until verified. | REMAP: source 'gov-news'->'press': government press release"
kb-079,airport,projects,What earlier upgrades has the airport had?,"A major renovation completed in December 2006 expanded the parking apron, resurfaced the runway and added a new taxiway. Phase I of a later rehabilitation programme resurfaced the runway and taxiways Bravo and Charlie, ending in March 2019, followed by work on Taxiway A and the apron. Solar-powered runway lighting has also been installed.",upgrades|renovation|2006|phase 1|history of works|improvements|handling fees|storage fees|demurrage|cargo charges,business,https://www.scaspa.com/airport-about.html,official-site,2026-07-31,low,confirmed,"Combines the airport-about page with 2019 press reporting. Historical, so stable."
kb-080,airport,reputation,Is the airport well regarded?,"SCASPA describes the airport as offering the conveniences of a world-class international airport of its size, and has claimed recognition as the best mid-size airport in the Caribbean.",best airport|award|reputation|ranking|quality|acclaimed|one way fare|adult fare|ferry ticket cost,traveller,https://www.findyello.com/st-kitts/robert-llewllyn-bradshaw-intl-airport-scaspa-/profile/,directory,2026-07-31,low,unverified,"SELF-DESCRIPTION, NOT AN INDEPENDENT AWARD. Attribute to SCASPA; do not restate as an objective ranking."
kb-081,airport,schedule,What time does my flight arrive or depart?,"SCASPA does not publish individual flight times as a fixed schedule. Live flight information is shown on the display monitors throughout the terminal, and the airport's flights page carries current information. For a specific flight, check with your airline.",flight time|arrivals|departures|flight schedule|when does my flight|delayed,traveller,https://www.scaspa.com/flights-airport.html,official-site,2026-07-31,high,confirmed,"ROUTING ROW, NOT A DATA ROW. Flight times are per-day and must never be answered from stored text."
kb-082,airport,security,What happens at airport security screening?,"Passengers pass through a screening checkpoint where liquids, laptops, metal objects and belts are normally removed and carry-on items are X-rayed. Exact requirements are set by aviation security regulators and can change - follow the instructions of screening officers on the day.",security|screening|checkpoint|x-ray|scanner|search|screening process,traveller,internal:scaspaexcel.xlsx#row-87,client-interview,2026-07-31,medium,probable,"Generic aviation practice. Deliberately avoids stating rules as fixed SCASPA policy. | REMAP: source 'client-supplied'->'client-interview': client asserted, unverified - trust tier UNCHANGED"
kb-083,airport,security,What are the rules for liquids in carry-on baggage?,"International practice limits liquids, gels and aerosols to containers of 100 ml or less in a single clear resealable bag per passenger. Requirements vary by jurisdiction and change over time - confirm with your airline before travelling.",liquids|100ml|3-1-1|gels|aerosols|bottle|water|liquid rule,traveller,internal:scaspaexcel.xlsx#row-88,client-interview,2026-07-31,medium,probable,"Workbook framed this as the US '3-1-1' rule; reworded because that is a TSA formulation, not necessarily SKN regulation. | REMAP: source 'client-supplied'->'client-interview': client asserted, unverified - trust tier UNCHANGED"
kb-084,airport,security,Are baby formula and breast milk exempt from liquid limits?,"Formula, breast milk, juice and baby food are generally permitted in quantities above the standard liquid limit but must be declared separately for inspection. Confirm with your airline before travelling.",breast milk|formula|baby food|juice|infant|exempt|baby liquids,traveller,internal:scaspaexcel.xlsx#row-93,client-interview,2026-07-31,medium,probable,"Consistent with international practice. | REMAP: source 'client-supplied'->'client-interview': client asserted, unverified - trust tier UNCHANGED"
kb-085,airport,security,How are passengers with pacemakers or implants screened?,Tell the screening officer before you enter the checkpoint. Passengers with pacemakers or metal implants are normally screened by alternative means rather than a walk-through metal detector.,pacemaker|implant|metal implant|medical device|screening|hip replacement,traveller,internal:scaspaexcel.xlsx#row-91,client-interview,2026-07-31,low,probable,"'Inform the officer' is the safe, durable instruction regardless of local procedure. | REMAP: source 'client-supplied'->'client-interview': client asserted, unverified - trust tier UNCHANGED"
kb-086,airport,security,Can I bring a CPAP or medical device on board?,Medical devices such as CPAP and BiPAP machines and nebulisers are permitted. They usually need to be removed from their case and screened separately. Notify your airline in advance.,cpap|bipap|nebuliser|medical equipment|oxygen|device|machine,traveller,internal:scaspaexcel.xlsx#row-90,client-interview,2026-07-31,low,probable,"Consistent with international practice. | REMAP: source 'client-supplied'->'client-interview': client asserted, unverified - trust tier UNCHANGED"
kb-087,airport,security,Can I travel with prescription medication?,"Yes. Keep prescription medication in its original labelled container in your carry-on baggage, and carry supporting documentation from your prescriber if the medication is controlled or injectable.",medication|prescription|medicine|pills|drugs|insulin|tablets,traveller,internal:scaspaexcel.xlsx#row-111,client-interview,2026-07-31,low,probable,"Controlled-substance import rules are a Customs matter - do not advise on specific drugs. | REMAP: source 'client-supplied'->'client-interview': client asserted, unverified - trust tier UNCHANGED"
kb-088,airport,security,Where should lithium batteries and power banks be packed?,Spare lithium batteries and power banks must be carried in cabin baggage and must not be placed in checked luggage. This is an international aviation safety requirement.,lithium|battery|power bank|charger|batteries|checked bag,traveller,internal:scaspaexcel.xlsx#row-101,client-interview,2026-07-31,low,confirmed,"This is a well-established ICAO/IATA dangerous goods rule and is safe to state plainly. | REMAP: source 'client-supplied'->'client-interview': client asserted, unverified - trust tier UNCHANGED"
kb-089,airport,security,Are sharp objects allowed in carry-on baggage?,"Sharp items including knives, blades and scissors must be placed in checked baggage rather than carried into the cabin.",knife|scissors|sharp|blade|razor|pocket knife|nail file,traveller,internal:scaspaexcel.xlsx#row-108,client-interview,2026-07-31,low,probable,"Standard aviation security practice. | REMAP: source 'client-supplied'->'client-interview': client asserted, unverified - trust tier UNCHANGED"
kb-090,airport,security,Are e-cigarettes and vapes allowed?,"Vaping devices and e-cigarettes must be carried in cabin baggage, not checked luggage, because of their lithium batteries. Vaping is prohibited in the terminal and on board aircraft.",vape|e-cigarette|electronic cigarette|juul|vaping|smoking device,traveller,internal:scaspaexcel.xlsx#row-110,client-interview,2026-07-31,low,probable,"Consistent with the lithium battery rule. | REMAP: source 'client-supplied'->'client-interview': client asserted, unverified - trust tier UNCHANGED"
kb-091,airport,security,Are fireworks or flares allowed in baggage?,"No. Fireworks, flares, pyrotechnics and party poppers are prohibited in both cabin and checked baggage.",fireworks|flares|pyrotechnics|explosives|prohibited|banned items,traveller,internal:scaspaexcel.xlsx#row-114,client-interview,2026-07-31,low,confirmed,"Established dangerous goods prohibition - safe to state plainly. | REMAP: source 'client-supplied'->'client-interview': client asserted, unverified - trust tier UNCHANGED"
kb-092,airport,security,What items are prohibited in baggage?,"Prohibited items include flammable liquids and solids, fireworks, bleaching agents, tear gas, organic peroxides, mercury and illegal narcotics. Firearms, ammunition and explosives require prior written clearance from the Commissioner of Police.",prohibited|banned|forbidden|not allowed|restricted items|dangerous goods,traveller,internal:scaspaexcel.xlsx#row-100,client-interview,2026-07-31,low,probable,"Consistent with IATA dangerous goods categories. Firearms clearance is a police matter, not SCASPA. | REMAP: source 'client-supplied'->'client-interview': client asserted, unverified - trust tier UNCHANGED"
kb-093,airport,security,Can security open my checked baggage?,Yes. Authorised security personnel may open and inspect checked baggage where screening identifies items requiring further examination.,open bag|inspect|search luggage|checked baggage|inspection|tampered,traveller,internal:scaspaexcel.xlsx#row-116,client-interview,2026-07-31,low,probable,"Standard practice. | REMAP: source 'client-supplied'->'client-interview': client asserted, unverified - trust tier UNCHANGED"
kb-094,airport,statistics,How many passengers use the airport each year?,"Robert L. Bradshaw International Airport handled 317,618 passengers in 2024.",passenger numbers|how many passengers|traffic|annual passengers|statistics,business,https://www.scaspa.com/company-profile.html,official-site,2026-07-31,medium,confirmed,"CONFLICT: a May 2024 CEO interview cites 'over 400,000 passengers each year'. The 317,618 figure is specific, dated and on the current site, so it is preferred. Always state the year."
kb-095,airport,sustainability,Is SCASPA investing in renewable energy?,"Yes. SCASPA has planned a solar farm at the airport and has been considering one at the cruise terminal, as part of the country's move toward becoming a sustainable island state. Shore power for cruise ships is already available at Port Zante's Pier 1.",solar|renewable|green|sustainability|clean energy|environment,business,https://www.scaspa.com/world-class-air-and-sea-gateways.html,official-site,2024-05-09,medium,probable,"Stated as intent in May 2024. Completion unconfirmed; use 'planned', not 'operating'."
kb-096,airport,systems,Has the control tower been upgraded?,"Yes. SCASPA installed a new Voice Communication Control System at the airport control tower, supporting air traffic control operations and the safe management of national airspace.",control tower|vccs|air traffic control|communication system|atc,business,https://www.nevispages.com/scaspa-installs-new-communication-system-at-airport-control-tower,press,2026-07-31,medium,probable,Regional media report with no publication date on the source page. Treat as recent but undated. | REMAP: source 'news-media'->'press': news article
kb-097,airport,transport,Where do I find taxis at the airport?,"Taxis wait directly outside the arrivals exit. Authorised taxis carry official registration plates. Agree the fare with the driver before travelling, as SCASPA does not set or publish taxi rates.",taxi stand|where taxi|arrivals|pick up|cab rank|transport,traveller,internal:scaspaexcel.xlsx#row-38,client-interview,2026-07-31,low,probable,"Location detail is workbook-supplied; the fare caveat is ours and is the important part. See kb-056. | REMAP: source 'client-supplied'->'client-interview': client asserted, unverified - trust tier UNCHANGED"
kb-098,airport,transport,Are car rentals available at the airport?,Client-supplied guidance indicates several international and local car rental companies operate at or adjacent to the terminal. Confirm with your chosen provider before travelling.,car rental|rent a car|hire car|vehicle|rental agency|avis|hertz,traveller,internal:scaspaexcel.xlsx#row-40,client-interview,2026-07-31,medium,probable,"Workbook-supplied but unremarkable for an international airport. | REMAP: source 'client-supplied'->'client-interview': client asserted, unverified - trust tier UNCHANGED"
kb-099,airport,transport,Do I need a local driving permit to drive in St. Kitts?,"Visitors are generally required to obtain a temporary visitor's driving permit, available through rental agencies or the police on presentation of a valid home licence. The fee is set by the Government, not SCASPA - confirm the current amount when you apply.",driving permit|licence|license|drivers permit|drive|visitor permit,traveller,internal:scaspaexcel.xlsx#row-41,regulator,2026-07-31,medium,probable,The permit requirement is well established; the workbook's XCD 62.50 / USD 24 figure is deliberately omitted as unverified and government-set.
kb-100,airport,transport,Where do hotel shuttles and tour operators meet arriving guests?,Client-supplied guidance indicates hotel shuttles and tour operators meet guests in the designated transportation area immediately outside the customs exit.,shuttle|hotel transfer|tour operator|pick up|meet|greeter|transfer,traveller,internal:scaspaexcel.xlsx#row-81,client-interview,2026-07-31,low,probable,"Workbook-supplied. | REMAP: source 'client-supplied'->'client-interview': client asserted, unverified - trust tier UNCHANGED"
kb-101,airport,trivia,What is the most unusual flight to have landed at the airport?,"In 2011 a chartered SriLankan Airlines Airbus A340-300 flew to St. Kitts from Colombo, a journey of nearly 10,000 miles.",unusual flight|longest flight|sri lankan|a340|record|charter,traveller,https://www.scaspa.com/airport-about.html,official-site,2026-07-31,low,confirmed,Light engagement row.
kb-102,cruise,berthing,How many piers does Port Zante have?,Port Zante has two piers. Pier 1 was redesigned in the early 2000s and Pier 2 was completed in 2019. Between them they can accommodate up to four cruise vessels at once.,how many piers|two piers|pier 1|pier 2|berths|capacity,cruise,https://www.scaspa.com/uploads/9/5/2/1/95213570/scaspa_passenger_operations_-_port_pilotage_and_berthing_information__september_2025___1_.pdf,official-pdf,2025-09-01,low,confirmed,"Workbook said 'Oasis-class'; SCASPA's own site says Icon-class, which is the larger and newer class. Corrected."
kb-103,cruise,berthing,What is the water depth at the Port Zante cruise piers?,"Minimum depth is 10.5 metres at Pier 1 and 11.5 metres at Pier 2, in both cases at the northern-most bollard, increasing gently southward.",depth|draft|draught|how deep|water depth|clearance,business,https://www.scaspa.com/uploads/9/5/2/1/95213570/scaspa_passenger_operations_-_port_pilotage_and_berthing_information__september_2025___1_.pdf,official-pdf,2025-09-01,low,confirmed,"Workbook gave a vaguer '10 to 12 metres'. Official per-pier figures used instead. | REMAP: audience 'shipping'->'business': professional/commercial user, not a passenger"
kb-104,cruise,berthing,How does a cruise line request a berth at Port Zante?,Berth requests are submitted by accredited port agents to SCASPA's Marine Division in advance. The Marine Division can be reached at marinedivision@scaspa.com.,berth booking|request berth|book|port agent|allocation|schedule vessel,business,https://www.scaspa.com/uploads/9/5/2/1/95213570/scaspa_passenger_operations_-_port_pilotage_and_berthing_information__september_2025___1_.pdf,official-pdf,2025-09-01,medium,probable,"Marine Division contact confirmed in official PDF; the agent-submission process is workbook-supplied but standard. | REMAP: audience 'shipping'->'business': professional/commercial user, not a passenger"
kb-105,cruise,berthing,Can private yachts berth at Port Zante?,"Port Zante's piers are dedicated to cruise vessels, but larger yachts may be able to arrange berthing through SCASPA Marine Operations or a local shipping agent. The Port Zante Marina handles smaller craft and tender operations on VHF 68/16.",yacht|superyacht|megayacht|private vessel|marina|berth yacht,business,https://www.scaspa.com/uploads/9/5/2/1/95213570/scaspa_passenger_operations_-_port_pilotage_and_berthing_information__september_2025___1_.pdf,official-pdf,2025-09-01,medium,probable,"Marina VHF confirmed in official PDF; yacht berthing arrangement is workbook-supplied. | REMAP: audience 'shipping'->'business': professional/commercial user, not a passenger"
kb-106,cruise,capacity,How many cruise ships can Port Zante handle at once?,Port Zante has two piers and can accommodate up to four cruise ships simultaneously.,how many ships|capacity|berths|simultaneous|four ships|piers|taxi fare|taxi to basseterre|taxi cost|taxi rates,cruise,https://www.scaspa.com/company-profile.html,official-site,2026-07-31,low,confirmed,"Four ships across two piers, since each pier has an east and a west side."
kb-107,cruise,emergency,What should I do if I miss my cruise ship?,"Contact your cruise line's local port agent immediately - their details are printed in the daily ship bulletin - and speak to port security at Port Zante. Your cruise line, not SCASPA, arranges onward travel.",missed ship|miss cruise|left behind|late|ship sailed|stranded,cruise,internal:scaspaexcel.xlsx#row-134,client-interview,2026-07-31,low,probable,"High-distress query. Routing to the port agent is the correct and reliable action. | REMAP: source 'client-supplied'->'client-interview': client asserted, unverified - trust tier UNCHANGED"
kb-108,cruise,facilities,What facilities are available at Port Zante for cruise passengers?,"Port Zante offers duty-free retail, craft and souvenir markets, restaurants and bars, taxi and tour dispatch, visitor information and restrooms, alongside its cruise piers.",facilities|amenities|what is there|shops|restaurants|services|toilets,cruise,https://www.scaspa.com/company-profile.html,official-site,2026-07-31,low,probable,Duty-free complex confirmed by SCASPA; the fuller amenity list is workbook-supplied.
kb-109,cruise,facilities,Is there a craft market at Port Zante?,"Client-supplied guidance identifies the Amina Craft Market within Port Zante, where local artisans sell handmade crafts, clothing and souvenirs.",craft market|amina|artisan|local crafts|souvenirs|handmade|vendors,cruise,internal:scaspaexcel.xlsx#row-136,client-interview,2026-07-31,low,probable,"Named facility, plausible and specific. Verify with Port Zante before publishing. | REMAP: source 'client-supplied'->'client-interview': client asserted, unverified - trust tier UNCHANGED"
kb-110,cruise,facilities,Is Port Zante wheelchair accessible?,"Client-supplied guidance describes wide, flat paved walkways and ramps designed for ease of mobility. Passengers with specific access needs should confirm arrangements with their cruise line.",accessible|wheelchair|stroller|mobility|ramps|disabled access,cruise,internal:scaspaexcel.xlsx#row-129,client-interview,2026-07-31,low,unverified,"ACCESSIBILITY ROW - hedged deliberately; a confident wrong answer here has real consequences. | REMAP: source 'client-supplied'->'client-interview': client asserted, unverified - trust tier UNCHANGED"
kb-111,cruise,facilities,Is luggage storage available at Port Zante?,"Client-supplied guidance states there are no public luggage storage facilities at Port Zante, for port security reasons.",luggage storage|store bags|locker|left luggage|bags,cruise,internal:scaspaexcel.xlsx#row-145,client-interview,2026-07-31,low,probable,"Negative answer, low risk. | REMAP: source 'client-supplied'->'client-interview': client asserted, unverified - trust tier UNCHANGED"
kb-112,cruise,governance,Who manages the shops and vendor licences at Port Zante?,"Client-supplied guidance indicates retail leases and vendor licensing at Port Zante are handled by the Urban Development Corporation in coordination with SCASPA, rather than by SCASPA alone.",vendor licence|shop lease|udc|who manages|retail|tenancy|rent,business,internal:scaspaexcel.xlsx#row-144,client-interview,2026-07-31,medium,unverified,"SCOPE ROW. Plausible given Port Zante's development history, but unverified. Route commercial enquiries rather than asserting. | REMAP: source 'client-supplied'->'client-interview': client asserted, unverified - trust tier UNCHANGED"
kb-113,cruise,identity,What is Port Zante?,"Port Zante is St. Kitts' cruise terminal, in the heart of Basseterre. It is dedicated exclusively to cruise ships and includes modern piers and a duty-free shopping complex, with access to local attractions, restaurants and cultural experiences.",port zante|cruise terminal|cruise port|where do ships dock,cruise,https://www.scaspa.com/company-profile.html,official-site,2026-07-31,low,confirmed,Port Zante has its own website at portzante.com for retail and marina matters.
kb-114,cruise,information,Where can cruise passengers get tourist information?,"Client-supplied guidance indicates the St. Kitts Tourism Authority operates an information booth in the Port Zante arrivals plaza. Tourism promotion is the Tourism Authority's role, not SCASPA's.",tourist information|visitor centre|tourism|help desk|information booth|guide,cruise,internal:scaspaexcel.xlsx#row-140,client-interview,2026-07-31,low,probable,"SCOPE NOTE added: tourism enquiries belong to the Tourism Authority. | REMAP: source 'client-supplied'->'client-interview': client asserted, unverified - trust tier UNCHANGED"
kb-115,cruise,infrastructure,What are the specifications of Pier 1 at Port Zante?,"Pier 1 was redesigned in the early 2000s and handles passenger operations at MARSEC Level 1. The solid pier is 281 m long and 12 m wide, about 3 m above the waterline, with an overall length of roughly 457 m including dolphins. It carries 20 bollards spaced 30 m apart, mostly rated 120 tonnes with some at 150 tonnes, and Super Cell fenders protruding 1.5 m. Minimum depth is 10.5 m and the pier heading is 000 / 180 degrees.",pier 1|berth specifications|pier length|depth|bollards|fenders|draft,business,https://www.scaspa.com/uploads/9/5/2/1/95213570/scaspa_passenger_operations_-_port_pilotage_and_berthing_information__september_2025___1_.pdf,official-pdf,2025-09-01,low,confirmed,"Position 17 17.437 N 062 43.350 W. Dolphins are not connected to the solid pier on Pier 1. | REMAP: audience 'shipping'->'business': professional/commercial user, not a passenger"
kb-116,cruise,infrastructure,What are the specifications of Pier 2 at Port Zante?,"Pier 2 was completed in 2019 and handles passenger operations at MARSEC Level 1. The solid pier is 205 m long and 20 m wide, about 3.3 m above the waterline, with an overall length of roughly 405 m. Its dolphins are linked by a prefabricated trestle. It carries 18 bollards spaced 25 m apart, mostly rated 150 tonnes with some at 200 tonnes, and Cone fenders protruding 1.5 m. Minimum depth is 11.5 m and the pier heading is 033 / 213 degrees.",pier 2|berth specifications|pier length|depth|bollards|newer pier,business,https://www.scaspa.com/uploads/9/5/2/1/95213570/scaspa_passenger_operations_-_port_pilotage_and_berthing_information__september_2025___1_.pdf,official-pdf,2025-09-01,low,confirmed,"GAP: the source gives no lat/long for Pier 2, unlike Pier 1 and the Deep Water Port. | REMAP: audience 'shipping'->'business': professional/commercial user, not a passenger"
kb-117,cruise,location,Where is Port Zante?,"Port Zante is on the Basseterre waterfront, in the heart of the capital and immediately adjacent to the town centre. It is a short walk from The Circus and Independence Square.",where is port zante|location|basseterre|downtown|walk|the circus,cruise,https://www.scaspa.com/company-profile.html,official-site,2026-07-31,low,confirmed,'Heart of Basseterre' is SCASPA's own wording. Walking-distance detail is workbook-supplied but consistent.
kb-118,cruise,marina,How do I contact the Port Zante Marina?,"The Port Zante Marina can be reached on 1 869 662 9374, or by VHF on channels 68 and 16. Tender operations are arranged with the marina after consultation with Basseterre Port Control.",marina|tender|yacht|vhf 68|port zante marina|small craft,business,https://www.scaspa.com/uploads/9/5/2/1/95213570/scaspa_passenger_operations_-_port_pilotage_and_berthing_information__september_2025___1_.pdf,official-pdf,2025-09-01,low,confirmed,"REMAP: audience 'shipping'->'business': professional/commercial user, not a passenger"
kb-119,cruise,operations,Should vessels berth bow in or stern in at Port Zante?,"During periods of noticeable swell, vessels are strongly recommended to berth stern in at both Pier 1 and Pier 2. The approach is discussed during the master-pilot exchange.",berth stern in|bow in|swell|mooring orientation|how to berth,business,https://www.scaspa.com/uploads/9/5/2/1/95213570/scaspa_passenger_operations_-_port_pilotage_and_berthing_information__september_2025___1_.pdf,official-pdf,2025-09-01,low,confirmed,"REMAP: audience 'shipping'->'business': professional/commercial user, not a passenger"
kb-120,cruise,operations,Is anchorage available for cruise vessels?,"Yes. Anchorage is permitted for passenger operations after consultation with Basseterre Port Control for a position, and with the Port Zante Marina on VHF 68 or 16 for tender operations. Arrangements should be made in advance through the port agency, though short-notice requests can be accommodated in poor weather.",anchorage|anchor|tender operations|at anchor|no berth available,business,https://www.scaspa.com/uploads/9/5/2/1/95213570/scaspa_passenger_operations_-_port_pilotage_and_berthing_information__september_2025___1_.pdf,official-pdf,2025-09-01,low,confirmed,"REMAP: audience 'shipping'->'business': professional/commercial user, not a passenger"
kb-121,cruise,operations,Are horn salutes allowed in port?,"Yes. Horn salutes and horn battles are welcomed, particularly on departure before 1900 hours. If in doubt, consult Port Control.",horn|horn salute|horn battle|whistle|ship horn|noise,business,https://www.scaspa.com/uploads/9/5/2/1/95213570/scaspa_passenger_operations_-_port_pilotage_and_berthing_information__september_2025___1_.pdf,official-pdf,2025-09-01,low,confirmed,"Genuinely official and a good test of source fidelity; assistants tend to assume this is a joke. | REMAP: audience 'shipping'->'business': professional/commercial user, not a passenger"
kb-122,cruise,operations,Can we carry out lifeboat drills in port?,Yes. Lifeboat drills and maintenance can be carried out after prior discussion with the Port Authority.,lifeboat|drill|maintenance|safety drill|muster,business,https://www.scaspa.com/uploads/9/5/2/1/95213570/scaspa_passenger_operations_-_port_pilotage_and_berthing_information__september_2025___1_.pdf,official-pdf,2025-09-01,low,confirmed,"REMAP: audience 'shipping'->'business': professional/commercial user, not a passenger"
kb-123,cruise,operations,Is fuel bunkering available?,Yes. Fuel bunkering is welcomed and is arranged through discussions with the port agency.,bunkering|fuel|refuel|bunker|fuel supply,business,https://www.scaspa.com/uploads/9/5/2/1/95213570/scaspa_passenger_operations_-_port_pilotage_and_berthing_information__september_2025___1_.pdf,official-pdf,2025-09-01,low,confirmed,"REMAP: audience 'shipping'->'business': professional/commercial user, not a passenger"
kb-124,cruise,safety,Is swimming allowed around the Port Zante piers?,"No. Swimming, diving and unauthorised boating in the cruise berthing basin are prohibited for safety and security reasons.",swimming|swim|diving|snorkel|boating|prohibited|safety,cruise,internal:scaspaexcel.xlsx#row-143,client-interview,2026-07-31,low,probable,"Standard port safety rule. | REMAP: source 'client-supplied'->'client-interview': client asserted, unverified - trust tier UNCHANGED"
kb-125,cruise,schedule,What time do cruise ships arrive at Port Zante?,"Arrival times vary by ship and by day, so SCASPA publishes them in a live vessel schedule rather than a fixed timetable. Check the cruise ship schedule on scaspa.com for the date you need.",cruise arrival|ship time|when does ship arrive|schedule|port zante schedule,cruise,https://www.scaspa.com/cruise-ship-schedule.html,official-site,2026-07-31,high,confirmed,"ROUTING ROW. Never store or state a cruise arrival time. Live data sits in SCASPA's berthing system, not the CMS."
kb-126,cruise,security,How do cruise passengers clear security at Port Zante?,Passengers pass through terminal security gates where ship keycards and photo identification are checked by ship and port security. Port Zante is an ISPS-compliant secure facility.,security|isps|keycard|id|screening|going ashore|reboard,cruise,internal:scaspaexcel.xlsx#row-131,client-interview,2026-07-31,low,probable,"ISPS compliance is corroborated by the MARSEC Level 1 designation in the official berthing PDF. | REMAP: source 'client-supplied'->'client-interview': client asserted, unverified - trust tier UNCHANGED"
kb-127,cruise,shopping,What currency do Port Zante merchants accept?,"Merchants at Port Zante generally accept both US Dollars and Eastern Caribbean Dollars, and major credit cards are widely taken. The pegged rate is USD 1.00 to XCD 2.70, though vendors may apply their own rate.",currency|payment|usd|xcd|credit card|cash|accepted,cruise,internal:scaspaexcel.xlsx#row-139,client-interview,2026-07-31,low,probable,"Peg is confirmed; vendor acceptance is workbook-supplied. | REMAP: source 'client-supplied'->'client-interview': client asserted, unverified - trust tier UNCHANGED"
kb-128,cruise,stakeholders,Who operates services at the cruise terminal?,"Cruise terminal operations involve several stakeholders alongside SCASPA, including the St. Kitts Tourism Authority, local shipping agents, duty-free stores, hospitality outlets, local artisans, taxi operators, tour operators and the marina.",who operates|stakeholders|tours|taxis|shops|vendors|partners,cruise,https://www.scaspa.com/world-class-air-and-sea-gateways.html,official-site,2024-05-09,low,confirmed,"SCOPE ROW. Taxi fares, tour prices and shop hours are set by those operators, not SCASPA."
kb-129,cruise,statistics,How many cruise passengers visit St. Kitts?,"Port Zante welcomed 624,494 cruise passengers in 2024.",cruise passengers|how many visitors|passenger numbers|statistics|arrivals,business,https://www.scaspa.com/company-profile.html,official-site,2026-07-31,medium,confirmed,Always state the year. The homepage statistics panel is JavaScript-rendered and reads zero on a plain fetch; do not scrape it.
kb-130,cruise,sustainability,Is shore power available for cruise ships?,"Pier 1 at Port Zante offers shore power to cruise ships, and SCASPA has been working to extend shore power to Pier 2.",shore power|cold ironing|plug in|shoreside electricity|emissions,business,https://www.scaspa.com/world-class-air-and-sea-gateways.html,official-site,2024-05-09,medium,probable,"Pier 2 shore power was in progress as of May 2024; completion unconfirmed. | REMAP: audience 'shipping'->'business': professional/commercial user, not a passenger"
kb-131,cruise,transport,How much is a taxi from the cruise port?,"SCASPA does not set or publish taxi fares. Taxis at Port Zante are operated independently and regulated separately from the Authority. Agree the fare with the driver before travelling, or ask at the terminal's information point.",taxi|cab|fare|transfer|how much taxi|transport|ride,traveller,https://www.scaspa.com/world-class-air-and-sea-gateways.html,official-site,2024-05-09,low,confirmed,NO FIGURE EXISTS IN SCOPE. Decline politely and route; never estimate a fare.
kb-132,cruise,transport,Where do cruise passengers find taxis and tours at Port Zante?,Authorised taxis and tour buses dispatch from a structured area adjacent to the Port Zante arrival plaza. Agree fares with the driver in advance - SCASPA does not set taxi rates.,taxi|tour|excursion|dispatch|transport|bus|shore excursion,cruise,internal:scaspaexcel.xlsx#row-127,client-interview,2026-07-31,low,probable,"Fare caveat added by us. | REMAP: source 'client-supplied'->'client-interview': client asserted, unverified - trust tier UNCHANGED"
kb-133,cruise,transport,Can I walk from Port Zante to the ferry terminal?,Yes. Client-supplied guidance describes the Basseterre Ferry Terminal as a short walk of roughly five to ten minutes east along the bay road from Port Zante.,walk|ferry terminal|distance|how far|on foot|nearby,traveller,internal:scaspaexcel.xlsx#row-137,client-interview,2026-07-31,low,probable,"Both facilities are on the Basseterre waterfront, so this is geographically consistent. | REMAP: source 'client-supplied'->'client-interview': client asserted, unverified - trust tier UNCHANGED"
kb-134,cruise,vessels,Can Port Zante take the world's largest cruise ships?,"Yes. Port Zante is designed to berth the latest generation of Icon-class vessels. Royal Caribbean chose the port as the first stop on the maiden voyage of Icon of the Seas, the world's largest cruise ship, in early 2024.",icon of the seas|largest ship|royal caribbean|biggest cruise ship|icon class,cruise,https://www.scaspa.com/company-profile.html,official-site,2026-07-31,low,confirmed,
kb-135,marine,conditions,What are the prevailing weather and sea conditions in the port?,"The predominant wind direction is east. The current generally sets toward the west and is strongest near the dolphins of all facilities, particularly the entry point between Piers 1 and 2 at Port Zante; it becomes unpredictable in periods of low wind. The pilot discusses the day's specific conditions on arrival.",wind|current|weather|conditions|prevailing|sea state,business,https://www.scaspa.com/uploads/9/5/2/1/95213570/scaspa_passenger_operations_-_port_pilotage_and_berthing_information__september_2025___1_.pdf,official-pdf,2025-09-01,low,confirmed,"General pattern only. NEVER use this row to answer a question about today's actual weather. | REMAP: audience 'shipping'->'business': professional/commercial user, not a passenger"
kb-136,marine,conditions,What is the tidal range in Basseterre?,The tidal range at SCASPA's facilities is 10 to 11 inches.,tidal range|tide|tidal|water level|high tide|low tide,business,https://www.scaspa.com/uploads/9/5/2/1/95213570/scaspa_passenger_operations_-_port_pilotage_and_berthing_information__september_2025___1_.pdf,official-pdf,2025-09-01,low,confirmed,"Same figure given for Pier 1, Pier 2 and the Deep Water Port. Stated in inches in the source, unlike the metric berth specs. | REMAP: audience 'shipping'->'business': professional/commercial user, not a passenger"
kb-137,marine,conditions,What is the seabed like?,The seabed is sand and silt. Facilities generally feature piers constructed of concrete.,seabed|bottom|holding ground|anchor holding|sand|silt,business,https://www.scaspa.com/uploads/9/5/2/1/95213570/scaspa_passenger_operations_-_port_pilotage_and_berthing_information__september_2025___1_.pdf,official-pdf,2025-09-01,low,confirmed,"REMAP: audience 'shipping'->'business': professional/commercial user, not a passenger"
kb-138,marine,contacts,How do I contact the Marine Division?,"The Marine Division can be reached at marinedivision@scaspa.com. Key contacts are Calvin Duggins, Chief Operations Officer; Captain Ludell Harvey-Lloyd, Chief Marine Pilot; Everett Mason, Port Facility Security Officer; and Ellenston Hendricks, Senior Berthing Officer.",marine division|berthing officer|marine contact|pilot contact|who to email,business,https://www.scaspa.com/uploads/9/5/2/1/95213570/scaspa_passenger_operations_-_port_pilotage_and_berthing_information__september_2025___1_.pdf,official-pdf,2025-09-01,medium,confirmed,"Individual addresses follow firstname.lastname@scaspa.com, but Mason's is everette.mason@scaspa.com despite the name being spelt Everett. | REMAP: audience 'shipping'->'business': professional/commercial user, not a passenger"
kb-139,marine,contacts,How do I reach Port Control or the pilot?,"Port Control can be reached on 1 869 465 8121 or 1 869 662 4707, and on VHF channel 16. The pilot can be reached on 1 869 465 8121 or 1 869 662 8469, and on VHF channels 12 and 16. The terminal number is 1 869 465 8121 or 1 869 668 1484.",port control|pilot number|harbour master|contact port|terminal number,business,https://www.scaspa.com/uploads/9/5/2/1/95213570/scaspa_passenger_operations_-_port_pilotage_and_berthing_information__september_2025___1_.pdf,official-pdf,2025-09-01,medium,confirmed,"The tug contact is the same as the pilot contact. | REMAP: audience 'shipping'->'business': professional/commercial user, not a passenger"
kb-140,marine,emergency,What are the emergency contact numbers for the port?,"In an emergency dial 911. Police can also be reached on 1 869 465 2241 or 1 869 465 6899, Fire Service on 1 869 465 2515 or 1 869 465 7167, and Ambulance on 1 869 465 2551. The Coast Guard is on 1 869 465 8384 or 1 869 466 9280 and monitors VHF channel 16.",emergency|911|police|fire|ambulance|coast guard|urgent|help|accident,all,https://www.scaspa.com/uploads/9/5/2/1/95213570/scaspa_passenger_operations_-_port_pilotage_and_berthing_information__september_2025___1_.pdf,official-pdf,2025-09-01,medium,confirmed,"SAFETY-CRITICAL ROW. Lead with 911. Serve in full without truncation, and never gate this row behind a confidence or staleness filter."
kb-141,marine,fees,How are pilotage fees calculated?,Pilotage charges are normally based on vessel tonnage and length overall. SCASPA does not currently publish a tariff schedule - request current pilotage rates from SCASPA or your port agent.,pilotage fee|pilot cost|charges|tonnage|how much|rates|tariff,business,https://www.scaspa.com/seaport-tariffs.html,official-site,2026-07-31,medium,unverified,"WITHHOLDING. Tonnage/LOA basis is standard practice, but no published figure exists. See kb-050. | REMAP: audience 'shipping'->'business': professional/commercial user, not a passenger"
kb-142,marine,pilotage,Is pilotage compulsory in Basseterre?,"Pilotage is compulsory on arrival for vessels docking at SCASPA's facilities. On departure it is at the discretion of the master and company policy, and is agreed before the pilot leaves the vessel.",pilotage compulsory|pilot required|mandatory pilot|do i need a pilot,business,https://www.scaspa.com/uploads/9/5/2/1/95213570/scaspa_passenger_operations_-_port_pilotage_and_berthing_information__september_2025___1_.pdf,official-pdf,2025-09-01,low,confirmed,"Key operational rule. Note the asymmetry: compulsory inbound, discretionary outbound. | REMAP: audience 'shipping'->'business': professional/commercial user, not a passenger"
kb-143,marine,pilotage,What VHF channels does the port use?,"St. Kitts Pilots and Basseterre Port Control both work on VHF channels 12 and 16. The Coast Guard monitors channel 16, and Port Zante Marina uses channels 68 and 16.",vhf|radio channel|channel 12|channel 16|frequency|working channel,business,https://www.scaspa.com/uploads/9/5/2/1/95213570/scaspa_passenger_operations_-_port_pilotage_and_berthing_information__september_2025___1_.pdf,official-pdf,2025-09-01,low,confirmed,"REMAP: audience 'shipping'->'business': professional/commercial user, not a passenger"
kb-144,marine,pilotage,How much notice does the pilot need?,"Vessels should confirm their ETA to the Pilot Station at least one hour in advance by VHF, and confirm ETD to Port Control at least one hour ahead. If a pilot is required for departure, make contact 1.5 to 2 hours in advance unless previously arranged. A departure pilot usually boards 45 minutes before ETD for the pre-departure briefing.",notice period|eta|etd|how much notice|advance warning|booking a pilot,business,https://www.scaspa.com/uploads/9/5/2/1/95213570/scaspa_passenger_operations_-_port_pilotage_and_berthing_information__september_2025___1_.pdf,official-pdf,2025-09-01,low,confirmed,"Four distinct timings in one answer; consider splitting if the assistant answers curtly. | REMAP: audience 'shipping'->'business': professional/commercial user, not a passenger"
kb-145,marine,pilotage,Where does the pilot board?,"The boarding position is 1.5 to 3 nautical miles from the facility. Maximum boarding speed is 7 knots, though the pilot may request slower. Boarding arrangements are confirmed during the initial VHF exchange.",boarding position|where does pilot board|pilot station|boarding speed|knots,business,https://www.scaspa.com/uploads/9/5/2/1/95213570/scaspa_passenger_operations_-_port_pilotage_and_berthing_information__september_2025___1_.pdf,official-pdf,2025-09-01,low,confirmed,"REMAP: audience 'shipping'->'business': professional/commercial user, not a passenger"
kb-146,marine,pilotage,How long does it take to get from the pilot station to the berth?,"Typically 35 to 40 minutes, though this can be prolonged by conflicting arriving traffic or adverse weather.",transit time|how long to berth|pilot station to berth|passage time,business,https://www.scaspa.com/uploads/9/5/2/1/95213570/scaspa_passenger_operations_-_port_pilotage_and_berthing_information__september_2025___1_.pdf,official-pdf,2025-09-01,low,confirmed,"REMAP: audience 'shipping'->'business': professional/commercial user, not a passenger"
kb-147,marine,security,What MARSEC level do the ports operate at?,"Port Zante Pier 1, Pier 2 and the Deep Water Port main berth all operate at MARSEC Level 1.",marsec|security level|isps|port security|level 1,business,https://www.scaspa.com/uploads/9/5/2/1/95213570/scaspa_passenger_operations_-_port_pilotage_and_berthing_information__september_2025___1_.pdf,official-pdf,2025-09-01,medium,confirmed,"MARSEC level can be raised at short notice. Present as the standing level and note it may change. | REMAP: audience 'shipping'->'business': professional/commercial user, not a passenger"
kb-148,marine,security,What does ISPS compliance mean for SCASPA's ports?,"ISPS compliance certifies that a port facility meets the International Ship and Port Facility Security Code under the IMO. SCASPA's facilities were operating at MARSEC Level 1 as of September 2025, and SCASPA employs a Port Facility Security Officer.",isps|security code|imo|compliance|certificate|port security|marsec,business,https://www.scaspa.com/uploads/9/5/2/1/95213570/scaspa_passenger_operations_-_port_pilotage_and_berthing_information__september_2025___1_.pdf,official-pdf,2025-09-01,medium,confirmed,"PFSO role and MARSEC level both confirmed in the official berthing PDF. See kb-043 for the volatility caveat. | REMAP: audience 'shipping'->'business': professional/commercial user, not a passenger"
kb-149,marine,tugs,Is a tug available in Basseterre?,"There is generally one tugboat available in the Port of Basseterre. The usual notice period for tug usage is 24 hours, and short-notice requests should be made during the initial VHF contact with Port Control. Tug specifications can be provided on request a few days before arrival.",tug|tugboat|towage|is there a tug|tug booking|assistance,business,https://www.scaspa.com/uploads/9/5/2/1/95213570/scaspa_passenger_operations_-_port_pilotage_and_berthing_information__september_2025___1_.pdf,official-pdf,2025-09-01,low,confirmed,"Single-tug constraint is operationally significant; never imply multiple tugs are available. | REMAP: audience 'shipping'->'business': professional/commercial user, not a passenger"
kb-150,marine,tugs,Is tug use compulsory?,"No, tug use is not currently compulsory. However, if the forecast wind is near, at, or above your vessel's windage limit, this should be communicated to the pilot, who will strongly recommend a tug, especially for vessels berthing on Pier 1.",tug compulsory|mandatory tug|do i need a tug|wind limit|windage,business,https://www.scaspa.com/uploads/9/5/2/1/95213570/scaspa_passenger_operations_-_port_pilotage_and_berthing_information__september_2025___1_.pdf,official-pdf,2025-09-01,medium,confirmed,"Source says 'At this time', signalling the rule could change. Preserve that hedge. | REMAP: audience 'shipping'->'business': professional/commercial user, not a passenger"
kb-151,marine,tugs,What type of tug is available?,The present tug is conventional and prefers ship lines for pulling. Specifics of the tug operation are discussed by the pilot during the master-pilot exchange.,tug type|conventional tug|asd|ship lines|tug specification,business,https://www.scaspa.com/uploads/9/5/2/1/95213570/scaspa_passenger_operations_-_port_pilotage_and_berthing_information__september_2025___1_.pdf,official-pdf,2025-09-01,medium,confirmed,"'Conventional' rather than tractor or ASD matters for handling; do not paraphrase this away. | REMAP: audience 'shipping'->'business': professional/commercial user, not a passenger"
kb-152,cargo,berthing,How do commercial vessels book a berth at the Deep Water Harbour?,"Shipping lines or their local agents submit arrival and berthing requests to SCASPA in advance, typically 24 to 48 hours ahead. Vessels must also confirm ETA to the pilot station at least one hour before arrival by VHF.",book berth|berthing request|notice of arrival|harbour master|schedule|nor,business,https://www.scaspa.com/uploads/9/5/2/1/95213570/scaspa_passenger_operations_-_port_pilotage_and_berthing_information__september_2025___1_.pdf,official-pdf,2025-09-01,medium,probable,"The one-hour VHF ETA requirement is confirmed in the official PDF. The 24-48 hour agent notice is workbook-supplied. | REMAP: audience 'shipping'->'business': professional/commercial user, not a passenger"
kb-153,cargo,customs,How do I clear cargo through customs?,"Customs clearance is handled by the St. Kitts and Nevis Customs and Excise Department, not by SCASPA. Customs can be reached on 1 869 466 7227. Your shipping agent will normally coordinate the required documentation.",customs|clearance|paperwork|documents|import|duty|clear cargo,business,https://www.scaspa.com/uploads/9/5/2/1/95213570/scaspa_passenger_operations_-_port_pilotage_and_berthing_information__september_2025___1_.pdf,official-pdf,2025-09-01,low,confirmed,SCOPE ROW. SCASPA does not set customs requirements. Do not list required forms; refer to Customs.
kb-154,cargo,damage,What should I do if my cargo arrives damaged?,Request a joint cargo survey with a SCASPA shed or claims officer and your customs broker before removing the shipment from the port. Inspecting after removal weakens any claim.,damaged|damage|claim|survey|broken|loss|shortage,cargo,internal:scaspaexcel.xlsx#row-193,client-interview,2026-07-31,low,probable,"The 'survey before removal' principle is standard cargo claims practice and sound advice. | REMAP: source 'client-supplied'->'client-interview': client asserted, unverified - trust tier UNCHANGED"
kb-155,cargo,documents,What documents do I need to collect my cargo?,"Client-supplied guidance lists an original bill of lading or delivery order, photo identification, a tax identification number and customs declaration documents. Documentary requirements are set by Customs and by your shipping agent - confirm with them before travelling to the port.",documents|paperwork|bill of lading|collect cargo|delivery order|tin|what do i need,cargo,internal:scaspaexcel.xlsx#row-174,client-interview,2026-07-31,medium,probable,"SCOPE-SENSITIVE. Plausible and useful, but Customs owns these requirements. Hedged deliberately. | REMAP: source 'client-supplied'->'client-interview': client asserted, unverified - trust tier UNCHANGED"
kb-156,cargo,equipment,What cargo handling equipment does SCASPA operate?,"Client-supplied guidance describes reach stackers, forklifts, haulage trucks and mobile harbour cranes. SCASPA has previously reported adding container stackers to its fleet. Confirm current equipment availability with Seaport Operations.",equipment|crane|stacker|forklift|handling|machinery|gantry,cargo,internal:scaspaexcel.xlsx#row-183,client-interview,2026-07-31,medium,probable,"Corroborated in general terms by SCASPA press coverage of stacker purchases. Specific current fleet unverified. | REMAP: source 'client-supplied'->'client-interview': client asserted, unverified - trust tier UNCHANGED"
kb-157,cargo,facilities,What is the Ike Tross Waiting Lounge?,"The Ike Tross Waiting Lounge is the customer waiting facility at Transit Facility Shed 2 at the Deep Water Harbour. SCASPA renamed it in March 2026 in honour of the late Ike Tross, who served in Seaport Operations for more than eighteen years.",ike tross|waiting lounge|shed 2|transit facility|waiting room|lounge,cargo,https://sknpulse.com/scaspa-renames-facility-2-waiting-lounge-in-honour-of-long-serving-employeee-ike-tross/,press,2026-03-13,low,confirmed,Independently verified in March 2026 press coverage. The workbook named this correctly - evidence its author had real local knowledge. | REMAP: source 'news-media'->'press': news article
kb-158,cargo,hazmat,Can hazardous cargo be handled at the port?,"Hazardous shipments require prior declaration, full dangerous goods documentation and compliance with IMO maritime safety rules. Notify SCASPA and your agent well in advance.",hazmat|hazardous|dangerous goods|imo|chemicals|imdg|declaration,cargo,internal:scaspaexcel.xlsx#row-181,client-interview,2026-07-31,low,probable,"IMDG compliance is a genuine international requirement. Specific SCASPA procedure unverified. | REMAP: source 'client-supplied'->'client-interview': client asserted, unverified - trust tier UNCHANGED"
kb-159,cargo,hours,When is the cargo port open?,"SCASPA's seaport offices operate Monday to Friday, 8:00 am to 4:00 pm. Specific cargo gate and receiving hours are not published online; confirm operational hours with the cargo department on (869) 465-8121.",gate hours|cargo hours|opening times|receiving|when open|collection,cargo,https://www.scaspa.com/contact.html,official-site,2026-07-31,medium,probable,Office hours are confirmed; gate hours are NOT. Do not present office hours as gate hours without the qualifier.
kb-160,cargo,hours,What are the cargo shed operating hours?,"Client-supplied guidance gives Monday to Friday, 8:00 am to 4:00 pm for cargo clearance, which matches SCASPA's published seaport office hours. Confirm before travelling, as vessel operations may extend beyond office hours.",cargo hours|shed hours|transit shed|opening|clearance hours|when open,cargo,https://www.scaspa.com/contact.html,official-site,2026-07-31,medium,probable,"Consistent with the official seaport hours in kb-005, which raises confidence."
kb-161,cargo,identity,What is the Deep Water Harbour?,"The Deep Water Harbour at Bird Rock is St. Kitts' primary hub for container and cargo operations, handling regional and international trade as well as transshipments. It was constructed in 1980.",deep water harbour|cargo port|container port|dwh|where is cargo handled,cargo,https://www.scaspa.com/company-profile.html,official-site,2026-07-31,low,confirmed,Also written Deep Water Port and Basseterre Cargo Port across SCASPA's own sources.
kb-162,cargo,infrastructure,What are the specifications of the cargo berth?,"The Deep Water Port main berth was completed in 1980 and handles cargo at MARSEC Level 1. The solid pier is 120 m long and about 3 m above the waterline, with an overall length of roughly 310 m including dolphins. It carries 18 bollards spaced 25 m apart, mostly rated 100 tonnes, with Yokohama pneumatic fenders protruding 2.5 m. Minimum depth is 9 m and the pier heading is 022 / 202 degrees.",cargo berth|deep water port specifications|pier length|depth|bollards|draft,business,https://www.scaspa.com/uploads/9/5/2/1/95213570/scaspa_passenger_operations_-_port_pilotage_and_berthing_information__september_2025___1_.pdf,official-pdf,2025-09-01,low,confirmed,"Position 17 17.22 N 062 42.61 W. SOURCE INCONSISTENCY: the bollard sentence describes three north and three south dolphins, contradicting the two-and-two stated earlier in the same section; appears copied from the Pier 2 entry. Pier width is not given. | REMAP: audience 'shipping'->'business': professional/commercial user, not a passenger"
kb-163,cargo,infrastructure,Are there ramps at the cargo port?,"Yes. The Deep Water Port has two ramps, both 14 m wide. The low ramp sits under 1 m above the waterline and the high ramp 2 m above. Both are used for cargo operations only.",ramp|ro ro|roll on roll off|vehicle ramp|low ramp|high ramp,business,https://www.scaspa.com/uploads/9/5/2/1/95213570/scaspa_passenger_operations_-_port_pilotage_and_berthing_information__september_2025___1_.pdf,official-pdf,2025-09-01,low,confirmed,"REMAP: audience 'shipping'->'business': professional/commercial user, not a passenger"
kb-164,cargo,operations,Can passenger vessels use the Deep Water Port?,"Passenger operations at the Deep Water Port are not heavily restricted, but such an allocation is now unlikely. It was common before Pier 2 was built at Port Zante.",passenger at cargo port|deep water port cruise|alternative berth|overflow,business,https://www.scaspa.com/uploads/9/5/2/1/95213570/scaspa_passenger_operations_-_port_pilotage_and_berthing_information__september_2025___1_.pdf,official-pdf,2025-09-01,low,confirmed,"REMAP: audience 'shipping'->'business': professional/commercial user, not a passenger"
kb-165,cargo,payment,"Who pays cargo handling charges, and where?","Handling charges are normally settled by the consignee, importer or customs broker before cargo is released. Payment can be made through SCASPA's online portal at pay.scaspa.com or at the SCASPA cashier at the Bird Rock cargo port.",who pays|cashier|payment|settle|release cargo|pay charges|broker,cargo,https://pay.scaspa.com,official-site,2026-07-31,medium,probable,Online portal confirmed; cashier location and accepted payment methods are workbook-supplied.
kb-166,cargo,personal,Can individuals clear personal barrels or packages at the port?,"Individuals receiving barrels, boxes or personal packages can normally collect them at the transit shed after customs inspection and payment of applicable charges. Contact SCASPA or Customs to confirm what to bring.",barrel|personal|package|box|individual|collect|shipping barrel,cargo,internal:scaspaexcel.xlsx#row-182,client-interview,2026-07-31,medium,probable,"High-frequency local question. Workbook-supplied process, plausible; hedged to Customs. | REMAP: source 'client-supplied'->'client-interview': client asserted, unverified - trust tier UNCHANGED"
kb-167,cargo,shipping,Which shipping lines call at the Deep Water Harbour?,"Several regional carriers serve St. Kitts, but SCASPA does not publish a current line-up. Check the live vessel schedule or contact a local shipping agent for services on your route.",shipping lines|carriers|tropical|crowley|king ocean|geest|which lines,cargo,https://www.scaspa.com/vessel-schedules.html,official-site,2026-07-31,high,unverified,Workbook names four carriers; withheld because service patterns change and SCASPA publishes no list. Route to live schedule.
kb-168,cargo,statistics,How much cargo does the port handle?,"The Deep Water Harbour handled 437,367 tons of cargo in 2024.",cargo volume|tonnage|how much cargo|throughput|statistics|tons,business,https://www.scaspa.com/company-profile.html,official-site,2026-07-31,medium,confirmed,Always state the year.
kb-169,cargo,storage,How long can cargo stay at the port before storage charges apply?,"Cargo is normally allowed a free storage period after vessel discharge, after which daily storage or demurrage charges accrue. SCASPA does not publish the free period or the rates - confirm with SCASPA or your broker.",free storage|demurrage|storage period|how long|charges|days|free time,cargo,internal:scaspaexcel.xlsx#row-177,client-interview,2026-07-31,medium,unverified,"WITHHOLDING. Workbook states 5 business days; omitted because the tariff page is empty and no rate is published. See kb-050. | REMAP: source 'client-supplied'->'client-interview': client asserted, unverified - trust tier UNCHANGED"
kb-170,cargo,systems,What is the Port Community System?,"The Port Community System is a single-window platform attached to SCASPA's Port Management System. Shipping agents upload the information different agencies require, and Immigration, Customs, Health, Agriculture, Maritime authorities and SCASPA each grant their approvals through it, rather than through separate physical submissions.",port community system|single window|pcs|vessel clearance|electronic approval,business,https://www.sknis.gov.kn/2021/09/09/scaspa-to-implement-brand-new-port-management-system-to-enhance-communication/,press,2021-09-09,medium,probable,"Announced 2021 as forthcoming. Current operational status unconfirmed; describe as planned or implemented, not as definitely live. | REMAP: source 'gov-news'->'press': government press release"
kb-171,cargo,systems,What is the Port Management System?,"An internal electronic system with modules covering every SCASPA department, introduced so the Authority's separate locations can handle approvals, recording and reporting electronically rather than by physically moving documents between offices.",port management system|pms|internal system|digital|electronic approvals,business,https://www.sknis.gov.kn/2021/09/09/scaspa-to-implement-brand-new-port-management-system-to-enhance-communication/,press,2021-09-09,medium,probable,"Distinct from the Port Community System in kb-081: this one is internal, that one faces industry partners. | REMAP: source 'gov-news'->'press': government press release"
kb-172,cargo,tariffs,What are the port charges for cargo?,SCASPA publishes a Seaport Tariffs schedule on its website under the Information menu. The figures are not reproduced here; consult the tariff schedule directly or contact SCASPA on (869) 465-8121 for a quotation.,tariff|charges|container fee|handling charge|port fees|cost|rates|teu,cargo,https://www.scaspa.com/seaport-tariffs.html,official-site,2026-07-31,medium,confirmed,NO FIGURES CAPTURED. The tariffs page body is JavaScript-rendered and returns nothing on a plain fetch. Never state a tariff amount. Flagged for manual capture from the live page.
kb-173,cargo,tracking,How do I check the status of my cargo?,"If you know the shipping agent or the vessel name, you can search for it in the search field at the top right of the Cargo Info table on SCASPA's cargo page.",check cargo|track shipment|cargo status|where is my container|find cargo,cargo,https://www.scaspa.com/cargo.html,official-site,2026-07-31,medium,confirmed,"Most common cargo enquiry. Note the user needs agent or vessel name, not a bill of lading number."
kb-174,cargo,tracking,How often is cargo information updated?,"SCASPA aims to keep the shipment progress status current, updating it as information is received.",how often updated|refresh|update frequency|current information|real time,cargo,https://www.scaspa.com/cargo.html,official-site,2026-07-31,low,confirmed,"Deliberately does not promise a refresh interval, because the source does not."
kb-175,cargo,tracking,Can I track cargo by bill of lading number?,SCASPA's published cargo guidance describes searching by agent or vessel name in the cargo information table. Client-supplied guidance suggests bill of lading search is also possible - confirm with your shipping agent if a vessel search does not locate your shipment.,bill of lading|b/l|track|search|find cargo|reference number,cargo,https://www.scaspa.com/cargo.html,official-site,2026-07-31,medium,probable,CONFLICT: SCASPA's own page describes agent/vessel search only. Official method leads; workbook claim flagged rather than adopted.
kb-176,cargo,types,What types of cargo does the Deep Water Harbour handle?,"Client-supplied guidance indicates the port handles containerised cargo, breakbulk, dry bulk, heavy equipment, roll-on roll-off vehicles and liquid cargo. The official berthing document confirms two ramps used for cargo operations, consistent with roll-on roll-off traffic.",cargo types|container|breakbulk|bulk|roro|vehicles|what cargo,cargo,internal:scaspaexcel.xlsx#row-171,client-interview,2026-07-31,low,probable,"Ramp evidence in the official PDF corroborates Ro-Ro. Full cargo-type list is workbook-supplied. | REMAP: source 'client-supplied'->'client-interview': client asserted, unverified - trust tier UNCHANGED"
kb-177,ferry,arrival,How early should I arrive for the ferry?,"Client-supplied guidance recommends arriving 20 to 30 minutes before the scheduled departure to buy tickets and board. Confirm with the operator, especially at peak times.",how early|arrive|before departure|boarding|check in|advance,traveller,internal:scaspaexcel.xlsx#row-166,client-interview,2026-07-31,medium,probable,"Workbook-supplied but reasonable. | REMAP: source 'client-supplied'->'client-interview': client asserted, unverified - trust tier UNCHANGED"
kb-178,ferry,baggage,What are the baggage rules on the ferry?,"Passengers may normally carry standard personal luggage at no extra cost, with charges possible for bulk cargo or oversized items such as bicycles or surfboards. Confirm with the operator, as rules and any fees are set by them.",ferry baggage|luggage|bags|bicycle|surfboard|oversized|allowance,traveller,internal:scaspaexcel.xlsx#row-164,client-interview,2026-07-31,medium,probable,"Operator-set, not SCASPA-set. This is the ferry analogue of the airline baggage scope row. | REMAP: source 'client-supplied'->'client-interview': client asserted, unverified - trust tier UNCHANGED"
kb-179,ferry,disruption,What happens to ferry services in bad weather?,"Ferry operations may be suspended during heavy seas or tropical storms for passenger safety. Check for updates before travelling, particularly during hurricane season.",bad weather|storm|cancelled|suspended|rough seas|hurricane|delayed,traveller,internal:scaspaexcel.xlsx#row-168,client-interview,2026-07-31,high,probable,"Suspension in heavy weather is certain in principle; the notification channel is unverified. High volatility - always route to a live check. | REMAP: source 'client-supplied'->'client-interview': client asserted, unverified - trust tier UNCHANGED"
kb-180,ferry,documents,Do I need a passport for the ferry to Nevis?,"Travel between St. Kitts and Nevis is domestic, so citizens and residents normally travel on local photo identification. Visitors should carry their passport or entry documentation. Confirm current requirements before travelling.",passport|id|documents|identification|need passport|travel documents,traveller,internal:scaspaexcel.xlsx#row-156,client-interview,2026-07-31,medium,probable,"The domestic-travel framing is correct; specific ID rules are not SCASPA-published. | REMAP: source 'client-supplied'->'client-interview': client asserted, unverified - trust tier UNCHANGED"
kb-181,ferry,facilities,What facilities are at the Basseterre Ferry Terminal?,"Client-supplied guidance describes an enclosed, air-conditioned waiting hall with restroom facilities and ground-level access with ramps for wheelchair users. Confirm accessibility arrangements with the operator in advance.",facilities|waiting room|air conditioning|restroom|toilet|accessible|seating,traveller,internal:scaspaexcel.xlsx#row-158,client-interview,2026-07-31,low,unverified,"Workbook-supplied; not published by SCASPA. | REMAP: source 'client-supplied'->'client-interview': client asserted, unverified - trust tier UNCHANGED"
kb-182,ferry,fares,How much is a ferry ticket to Nevis?,SCASPA operates the terminal but does not set ferry fares; these are set by the individual ferry operators. Check with the operator or at the ticket office in the terminal for current prices.,ferry fare|ticket price|cost|how much|one way|return ticket,traveller,https://www.scaspa.com/company-profile.html,official-site,2026-07-31,medium,confirmed,NO FIGURE IN SCOPE. The terminal operator is not the carrier. Never quote a fare.
kb-183,ferry,fees,Is there a terminal or security fee for the ferry?,A small port or terminal fee may be charged in addition to the ticket. SCASPA does not publish the amount - confirm at the ticket booth.,terminal fee|port fee|security fee|extra charge|surcharge|tax,traveller,internal:scaspaexcel.xlsx#row-157,client-interview,2026-07-31,medium,unverified,"WITHHOLDING. Workbook states XCD 1.00; omitted as unverified. See kb-054. | REMAP: source 'client-supplied'->'client-interview': client asserted, unverified - trust tier UNCHANGED"
kb-184,ferry,identity,What is the Basseterre Ferry Terminal?,"The Basseterre Ferry Terminal is SCASPA's passenger ferry facility in Basseterre, offering daily services to Nevis and connections to other destinations.",ferry terminal|basseterre ferry|what is the ferry|nevis ferry|boat,traveller,https://www.scaspa.com/company-profile.html,official-site,2026-07-31,low,confirmed,
kb-185,ferry,infrastructure,How many ferries can the terminal handle?,The terminal has a 200-foot pier able to accommodate up to three vessels at a time.,ferry capacity|how many vessels|pier length|berths|three vessels,business,https://www.scaspa.com/company-profile.html,official-site,2026-07-31,low,confirmed,200 ft is the only imperial measurement SCASPA uses for a marine facility; berth specs elsewhere are metric.
kb-186,ferry,location,Where is the Basseterre Ferry Terminal?,"The Basseterre Ferry Terminal is on the Bay Road on the Basseterre waterfront in downtown St. Kitts, a short walk from Port Zante.",where is ferry terminal|location|bay road|downtown|find ferry,traveller,internal:scaspaexcel.xlsx#row-147,client-interview,2026-07-31,low,probable,"Consistent with SCASPA's description of the terminal as part of its Basseterre waterfront portfolio. | REMAP: source 'client-supplied'->'client-interview': client asserted, unverified - trust tier UNCHANGED"
kb-187,ferry,luggage,Is there a luggage limit on the ferry?,"SCASPA does not publish a baggage allowance for ferry services. Allowances are set by the individual ferry operators, so check with your operator before travelling.",luggage|baggage|bags|allowance|limit|suitcase|how many bags,traveller,https://www.scaspa.com/ferry-schedule.html,official-site,2026-07-31,low,confirmed,TRAP ROW. A user asking about 'baggage allowance' more often means the airport. Check which facility they mean; never transfer an airline allowance to the ferry or vice versa.
kb-188,ferry,operators,Which vessels operate the St. Kitts to Nevis ferry?,"Several passenger ferries serve the route, operated by private companies rather than by SCASPA. Vessel names and operators change over time - check the current listing at the terminal or with SCASPA before travelling.",which ferry|vessels|boats|operators|mark twain|sea bridge|caribe queen,traveller,internal:scaspaexcel.xlsx#row-149,client-interview,2026-07-31,high,unverified,"Workbook names specific vessels; deliberately withheld because fleet composition changes and SCASPA does not publish it. | REMAP: source 'client-supplied'->'client-interview': client asserted, unverified - trust tier UNCHANGED"
kb-189,ferry,parking,Is there parking near the ferry terminal?,Client-supplied guidance indicates street parking and nearby lots are available along the Bay Road and adjacent harbour area. SCASPA does not publish ferry terminal parking arrangements or rates.,parking|park|car park|where to park|leave car,traveller,internal:scaspaexcel.xlsx#row-163,client-interview,2026-07-31,medium,unverified,"Workbook-supplied. | REMAP: source 'client-supplied'->'client-interview': client asserted, unverified - trust tier UNCHANGED"
kb-190,ferry,route,How long does the ferry to Nevis take?,Client-supplied guidance puts the Basseterre to Charlestown passenger crossing at roughly 45 minutes. Crossing times vary by vessel and sea conditions - confirm with the operator.,how long|duration|crossing time|journey|45 minutes|trip length,traveller,internal:scaspaexcel.xlsx#row-150,client-interview,2026-07-31,medium,probable,"Widely cited figure, but vessel-dependent. Hedged. | REMAP: source 'client-supplied'->'client-interview': client asserted, unverified - trust tier UNCHANGED"
kb-191,ferry,safety,Who oversees marine safety for the ferries?,"SCASPA's Marine Division works alongside the St. Kitts and Nevis Coast Guard on maritime safety. The Coast Guard can be reached on 1 869 465 8384 or 1 869 466 9280, and on VHF channel 16.",marine safety|coast guard|inspection|regulation|safety|who oversees,business,https://www.scaspa.com/uploads/9/5/2/1/95213570/scaspa_passenger_operations_-_port_pilotage_and_berthing_information__september_2025___1_.pdf,official-pdf,2025-09-01,low,confirmed,"Coast Guard contacts confirmed in the official berthing PDF. | REMAP: audience 'shipping'->'business': professional/commercial user, not a passenger"
kb-192,ferry,schedule,What time does the ferry to Nevis leave?,"Ferry departure times vary by operator and by day, so SCASPA publishes them through a live vessel schedule rather than a fixed timetable. Check the ferry schedule on scaspa.com for the date you are travelling.",ferry time|sailing|departure|when does ferry leave|timetable|schedule,traveller,https://www.scaspa.com/ferry-schedule.html,official-site,2026-07-31,high,confirmed,ROUTING ROW. The ferry schedule page is JavaScript-rendered and returns no timetable on a plain fetch; live data sits in SCASPA's berthing system. Never state a sailing time.
kb-193,ferry,scope,Who runs the ferry terminal in Nevis?,"The Charlestown Ferry Terminal on the Nevis side is operated by the Nevis Air & Sea Ports Authority (NASPA), not by SCASPA.",charlestown|nevis terminal|other side|naspa|return ferry|nevis end,traveller,https://www.scaspa.com/our-history.html,official-site,2026-07-31,low,confirmed,"SCOPE ROW, pairs with kb-007. A round trip crosses two authorities."
kb-194,ferry,tickets,Where do I buy ferry tickets?,"Tickets are bought at ticket booths inside the ferry terminal before boarding, and return tickets can usually be purchased at the departure window. Fares are set by the operators.",buy ticket|ticket booth|purchase|where tickets|round trip|return ticket,traveller,internal:scaspaexcel.xlsx#row-154,client-interview,2026-07-31,medium,probable,"Purchase location is workbook-supplied; the fare caveat is ours - see kb-054. | REMAP: source 'client-supplied'->'client-interview': client asserted, unverified - trust tier UNCHANGED"
kb-195,ferry,vehicles,Is there a car ferry between St. Kitts and Nevis?,"A vehicular ferry operates across The Narrows between the south-east peninsula of St. Kitts and Nevis, separately from the Basseterre passenger service. It is run by private operators, and the Nevis-side terminal falls under NASPA rather than SCASPA.",car ferry|vehicle ferry|sea bridge|majors bay|cades bay|drive|take car,traveller,internal:scaspaexcel.xlsx#row-159,client-interview,2026-07-31,medium,probable,"SCOPE ROW. Route exists; the crossing time and terminal details are workbook-supplied. Nevis end is NASPA - see kb-055. | REMAP: source 'client-supplied'->'client-interview': client asserted, unverified - trust tier UNCHANGED"
kb-196,ferry,vehicles,Can I take a rental car on the ferry to Nevis?,Many rental agreements prohibit taking vehicles between islands for insurance reasons. Check with your rental company before planning an inter-island drive.,rental car|hire car|take car|insurance|cross island|drive to nevis,traveller,internal:scaspaexcel.xlsx#row-161,client-interview,2026-07-31,low,probable,"The 'check your rental agreement' advice is reliable regardless of operator. | REMAP: source 'client-supplied'->'client-interview': client asserted, unverified - trust tier UNCHANGED"
kb-197,payments,amounts,How much are SCASPA's fees?,"Fee amounts are not displayed on the portal's landing page; the total is calculated at the next step once you enter a quantity, before you are taken to secure payment. Aeronautical fees have a dedicated calculator. For a figure in advance, contact SCASPA on (869) 465-8121.",how much|fee amount|price|cost|departure fee amount|charges,all,https://pay.scaspa.com/,official-site,2026-07-31,medium,confirmed,NO AMOUNTS ARE PUBLISHED ANYWHERE ON THE PORTAL. This is the likeliest place for an assistant to hallucinate a number. Never state a figure. | REMAP: source 'official-portal'->'official-site': pay.scaspa.com is SCASPA-operated
kb-198,access,application,How do I apply for a port access ID?,"Applications are made through SCASPA's secure ID portal at spms.scaspa.com/apply. The email address you enter becomes your login for the system, so enter it carefully; pasting is disabled to prevent typos.",port access|access id|apply for pass|security pass|id card|badge application,business,https://spms.scaspa.com/apply,official-site,2026-07-31,medium,confirmed,DISAMBIGUATION TRAP: 'how do I apply' could mean a job (kb-111) or a port access ID (this row). Ask which before answering. | REMAP: source 'official-portal'->'official-site': pay.scaspa.com is SCASPA-operated
kb-199,jobs,application,How do I apply for a job at SCASPA?,SCASPA accepts applications through an online form linked from the Join Our Team page on scaspa.com. The Authority describes itself as continually looking for team members who share its values.,job|vacancy|employment|apply for job|careers|hiring|work at scaspa,business,https://www.scaspa.com/join-our-team.html,official-site,2026-07-31,medium,confirmed,Pairs with kb-108; do not confuse job applications with port access ID applications. Current vacancies are not listed on the page. | REMAP: audience 'jobseeker'->'business': no jobseeker bucket in loader enum
kb-200,payments,categories,What can I pay for through the online portal?,"The portal accepts payment for the departure fee, airside vehicle permits, monthly and annual parking decals, airport ID badge processing, and aeronautical fees, which have their own calculator.",what can i pay|payment categories|departure fee|airside permit|id badge|decal,all,https://pay.scaspa.com/,official-site,2026-07-31,medium,confirmed,Six categories confirmed live on the portal. | REMAP: source 'official-portal'->'official-site': pay.scaspa.com is SCASPA-operated
kb-201,access,documents,What documents do I need for a port access ID?,"You must upload two forms of valid government-issued photo identification, chosen from a passport, national ID card, driver's licence, social security card or birth certificate, plus a police clearance certificate. Files may be JPG, PNG or PDF, up to 10 MB each.",documents required|what do i need|id documents|police clearance|paperwork,business,https://spms.scaspa.com/apply,official-site,2026-07-31,medium,confirmed,REMAP: source 'official-portal'->'official-site': pay.scaspa.com is SCASPA-operated
kb-202,access,documents,Do I need to upload both sides of my police clearance?,"If your police clearance certificate is two-sided, yes. Many certificates carry the issuing officer's signature, stamps or notes on the reverse, so the portal asks for the front and, where applicable, the back.",police clearance|both sides|back of certificate|two sided|reverse,business,https://spms.scaspa.com/apply,official-site,2026-07-31,low,confirmed,Small detail that causes real application rejections; worth surfacing proactively. | REMAP: source 'official-portal'->'official-site': pay.scaspa.com is SCASPA-operated
kb-203,corporate,governance,Who is the Chairman of SCASPA's Board of Directors?,"SCASPA does not currently publish its Board of Directors on its website, so the sitting Chairman cannot be confirmed here. The Board was reconstituted in July 2022 under Chairman Gary DaSilva, and Jonathan Bass was Chairman as of late 2023. For the current composition, contact SCASPA on (869) 465-8121 or info@scaspa.com.",chairman|board of directors|chairperson|governance|who chairs,all,https://www.sknis.gov.kn/2022/07/07/scaspa-officially-welcomes-reconstituted-board-of-directors/,press,2023-11-29,high,unverified,"WITHHOLD THE NAME. The board-of-directors page was dropped in the 2025 site rebuild. Chairmanship changed at least four times since 2019 (Boncamper, DaSilva, Hobson, DaSilva, Bass). Route to contact; do not assert. | REMAP: source 'gov-news'->'press': government press release"
kb-204,corporate,history,When was SCASPA established?,"SCASPA was established in 1993, taking control of both the Golden Rock Airport and the Basseterre Cargo Port.",established|founded|1993|when created|origin|official contact numbers|switchboard|official email|website,all,https://www.scaspa.com/our-history.html,official-site,2026-07-31,low,confirmed,"SCASPA's social handles use 'scaspa1993', consistent with the founding year."
kb-205,corporate,history,What existed before SCASPA was formed?,"Before 1993 the two gateways were run separately: the seaport as the St. Christopher & Nevis Ports Authority, and the airport as the Golden Rock Airport.",before 1993|predecessor|golden rock|separate entities|merger|standard office hours|administrative hours|ast,all,https://www.scaspa.com/our-history.html,official-site,2026-07-31,low,confirmed,
kb-206,corporate,history,What are the key dates in the seaport's development?,"The Deep Water Harbour cargo port at Bird Rock was constructed in 1980. A transit shed for cargo receipt and storage followed in 1985, and a new administrative building in 1990. SCASPA itself was formed in 1993.",timeline|milestones|1980|1985|1990|transit shed|construction,all,https://www.scaspa.com/our-history.html,official-site,2026-07-31,low,confirmed,Original administrative offices were on Bay Road before the 1990 building.
kb-207,corporate,identity,What does SCASPA stand for?,"SCASPA is the St. Christopher Air & Sea Ports Authority, the statutory body that operates the air and sea gateways of St. Kitts.",scaspa|acronym|full name|what is scaspa|stand for|what does scaspa stand for|acronym|full name|primary role,all,https://www.scaspa.com/index.html,official-site,2026-07-31,low,confirmed,Styled 'St. Christopher Air & Sea Ports Authority'; some sources write 'Air and Sea Port Authority'.
kb-208,corporate,identity,What facilities does SCASPA operate?,"SCASPA operates four facilities: the Deep Water Harbour cargo port at Bird Rock, the Port Zante Cruise Terminal, the Basseterre Ferry Terminal, and Robert L. Bradshaw International Airport.",facilities|portfolio|what do you operate|ports|four facilities|key facilities|manages|four facilities,all,https://www.scaspa.com/company-profile.html,official-site,2026-07-31,low,confirmed,Core scope row. The three marine facilities are in Basseterre; the airport is on the outskirts.
kb-209,corporate,identity,Is SCASPA a government body?,"Yes. SCASPA is a statutory corporation established by the Government of St. Kitts and Nevis under the St. Christopher Air & Sea Ports Authority Act, Cap. 8.07. It is governed by a Board of Directors and run by a Management Team.",government|statutory|state owned|act|cap 8.07|public body|nevis facilities|does scaspa manage nevis,all,https://www.sknis.gov.kn/2022/07/07/scaspa-officially-welcomes-reconstituted-board-of-directors/,press,2022-07-07,low,confirmed,Act reference Cap. 8.07 is stable. Section 4 governs Board appointments; Part 3 s.17 sets the public-interest duty. | REMAP: source 'gov-news'->'press': government press release
kb-210,corporate,leadership,Who is the CEO of SCASPA?,Adeola Moore is the Chief Executive Officer of SCASPA.,ceo|chief executive|who runs scaspa|head|leader|boss,all,https://www.scaspa.com/management-team.html,official-site,2026-07-31,medium,confirmed,Verified live on the official management page. Re-verify quarterly; leadership has turned over more than once since 2021.
kb-211,corporate,leadership,Who was SCASPA's first female CEO?,"Adeola Moore, appointed effective 14 November 2022, is SCASPA's first female Chief Executive Officer.",first female ceo|woman ceo|historic appointment|adeola moore|cashier|make payment|pay charges,all,https://www.sknis.gov.kn/2022/11/15/scaspa-appoints-first-female-ceo-ms-adeola-moore/,press,2022-11-15,low,confirmed,"Announced 15 November 2022, effective 14 November 2022. Historical fact; does not decay. | REMAP: source 'gov-news'->'press': government press release"
kb-212,corporate,leadership,What is the CEO's professional background?,"Adeola Moore began at the St. Kitts-Nevis-Anguilla National Bank, later worked in the United States for A.G. Edwards Investments and Citigroup, then joined the St. Kitts and Nevis Inland Revenue Department in 2007, rising to Audit Supervisor, Assistant Comptroller, and finally Manager of the International Taxation Unit until October 2022. She holds a Master's in Entrepreneurial Studies and a Bachelor's in Accounting and Management Information Systems from Lindenwood University, and is a Certified Fraud Examiner.",ceo background|biography|qualifications|experience|adeola moore career|submit resume|hr department|vacancies|recruitment,all,https://www.sknis.gov.kn/2022/11/15/scaspa-appoints-first-female-ceo-ms-adeola-moore/,press,2022-11-15,low,confirmed,Biographical detail is stable. Long answer; summarise rather than recite in full. | REMAP: source 'gov-news'->'press': government press release
kb-213,corporate,leadership,Who was the CEO of SCASPA before Adeola Moore?,"Ivor Keithley Phillip served as Chief Executive Officer from 1 October 2021. Before his appointment, Tuffida Stewart had been acting CEO.",previous ceo|former ceo|ivor phillip|predecessor|past leadership,all,https://www.sknis.gov.kn/2021/09/27/ivor-keithley-phillip-appointed-chief-executive-officer-of-scaspa/,press,2021-09-27,low,confirmed,Useful because several third-party business directories still list Phillip as the sitting CEO. Serve kb-011 for 'who is the CEO'. | REMAP: source 'gov-news'->'press': government press release
kb-214,corporate,leadership,Who is the Chief Operations Officer?,Calvin Duggins is SCASPA's Chief Operations Officer. He can be reached at calvin.duggins@scaspa.com.,coo|chief operations officer|calvin duggins|operations head,all,https://www.scaspa.com/management-team.html,official-site,2026-07-31,medium,confirmed,Email confirmed in the September 2025 Marine Division PDF.
kb-215,corporate,leadership,Who is the Chief Financial Officer?,Shadine Julius is Chief Financial Officer (acting).,cfo|chief financial officer|shadine julius|finance head,all,https://www.scaspa.com/management-team.html,official-site,2026-07-31,high,confirmed,"Acting appointment, so unusually liable to change. Always state that the role is acting."
kb-216,corporate,leadership,Who is SCASPA's Legal Counsel?,Vaughn Woodley is SCASPA's Legal Counsel.,legal counsel|lawyer|vaughn woodley|legal department,all,https://www.scaspa.com/management-team.html,official-site,2026-07-31,medium,confirmed,Woodley also served as SCASPA's Officer in Charge during 2023.
kb-217,corporate,leadership,Who manages the airport?,"Don Grant is the Airport Manager, and Theodore Phipps is Airport Operations Manager (acting).",airport manager|don grant|who runs the airport|theodore phipps,all,https://www.scaspa.com/airport-about.html,official-site,2026-07-31,medium,probable,"CONFLICT: the management-team page lists Grant as 'Airport Manager'; the airport-about page lists him as 'Airport Manager (A.g)'. Give the name, not the acting status."
kb-218,corporate,leadership,Who manages cargo operations?,"Kervin Freeman is Cargo Operations Manager. He has served the Authority for over 17 years and holds certifications in port management, container operations, port reception facilities and waste management, and health and safety compliance.",cargo manager|kervin freeman|cargo operations|who runs cargo,cargo,https://www.scaspa.com/management-team.html,official-site,2026-07-31,medium,confirmed,Years-of-service figure comes from an older profile; treat '17 years' as approximate and rising.
kb-219,corporate,leadership,Who is the Human Resource Manager?,Marva Burroughs-Liburd is SCASPA's Human Resource Manager.,hr manager|human resources|marva burroughs|personnel,business,https://www.scaspa.com/management-team.html,official-site,2026-07-31,medium,confirmed,REMAP: audience 'jobseeker'->'business': no jobseeker bucket in loader enum
kb-220,corporate,leadership,Who is responsible for security?,Derrick Fyfield is Security Manager and Arthnel Theophilus Jordan is Deputy Security Manager. Everett Mason serves as Port Facility Security Officer for the marine facilities.,security manager|derrick fyfield|port facility security officer|pfso,all,https://www.scaspa.com/management-team.html,official-site,2026-07-31,medium,confirmed,Name/email mismatch in the official PDF: listed as 'Everett Mason' with address everette.mason@scaspa.com. Use the address exactly as written.
kb-221,corporate,leadership,Who leads marine and passenger operations?,Captain Ludell Harvey-Lloyd is Marine and Passenger Operations Manager and also serves as Chief Marine Pilot. The contact address is ludel.harvey@scaspa.com.,marine manager|chief pilot|ludell harvey|passenger operations,business,https://www.scaspa.com/uploads/9/5/2/1/95213570/scaspa_passenger_operations_-_port_pilotage_and_berthing_information__september_2025___1_.pdf,official-pdf,2025-09-01,medium,confirmed,"Title and spelling differ between sources: 'Marine and Passengers Operations Manager' on the website, 'Chief Marine Pilot/Marine Manager' in the PDF; surname appears as both Ludel and Ludell. | REMAP: audience 'shipping'->'business': professional/commercial user, not a passenger"
kb-222,corporate,leadership,Who else is on SCASPA's management team?,"Alongside the executives, SCASPA's managers include Nigel Webbe (Maintenance), Damion Isles (Maintenance and Equipment), Trevester Richards (Procurement), and Icilma Pemberton Thomas (Quality Control).",management team|managers|org chart|staff list|senior team,all,https://www.scaspa.com/management-team.html,official-site,2026-07-31,medium,confirmed,Companion to kb-015 through kb-022. Do not present as an exhaustive org chart.
kb-223,corporate,mission,What is SCASPA's mission?,"To provide safe and secure air and sea ports services in accordance with international standards and best practices, ensuring sustainable growth and development while exceeding customer expectations.",mission|mission statement|purpose|who leads scaspa,all,https://www.scaspa.com/company-profile.html,official-site,2026-07-31,low,confirmed,
kb-224,corporate,operations,How many locations does SCASPA operate from?,"SCASPA operates across five separate locations, which is why the Authority invested in an electronic Port Management System to link departments without moving documents physically.",locations|sites|how many offices|departments|five locations,all,https://www.sknis.gov.kn/2021/09/09/scaspa-to-implement-brand-new-port-management-system-to-enhance-communication/,press,2021-09-09,low,probable,Five locations vs four public facilities: the fifth is administrative. Stated by the then-acting CEO. | REMAP: source 'gov-news'->'press': government press release
kb-225,payments,portal,Can I pay SCASPA fees online?,"Yes. SCASPA operates an online payment portal at pay.scaspa.com for airport fees, permits, badges and decals.",online payment|pay online|portal|pay fees|payment|card payment,all,https://pay.scaspa.com/,official-site,2026-07-31,medium,confirmed,REMAP: source 'official-portal'->'official-site': pay.scaspa.com is SCASPA-operated
kb-226,payments,process,What information do I need to make a payment?,"The portal asks for your name, email address, phone number, company name if applicable, whether the payment is business or personal, and the quantity of items, vehicles, permits, badges or decals being paid for.",payment details|what do i need|information required|how to pay|form fields,all,https://pay.scaspa.com/,official-site,2026-07-31,medium,confirmed,REMAP: source 'official-portal'->'official-site': pay.scaspa.com is SCASPA-operated
kb-227,access,process,What else does the port access application ask for?,"Beyond personal and contact details, the form asks for employment history including previous jobs and reasons for leaving, education and qualifications, an emergency contact, and any previous address or alias. These support the background check. You must declare the information is true and consent to further background checks.",application form|what is asked|background check|employment history|declaration,business,https://spms.scaspa.com/apply,official-site,2026-07-31,medium,confirmed,The form also has an optional religion or faith field. Do not prompt for it; mention only if the user asks what the field is for. | REMAP: source 'official-portal'->'official-site': pay.scaspa.com is SCASPA-operated
kb-228,corporate,regional,Is SCASPA involved in regional port initiatives?,"Yes. In May 2026 SCASPA's Chief Operations Officer took part in a regional policy and strategy workshop in Saint Lucia on port reform, digitalisation and customs cooperation, contributing to preparation of a Caribbean Connectivity and Logistics Regional Programme supported by the World Bank, and to shaping European Union support.",regional|caribbean|world bank|port reform|digitalisation|cooperation,business,https://www.nevispages.com/scaspas-chief-operations-officer-participates-in-high-level-policy-and-strategy-workshop-in-st-lucia,press,2026-05-21,medium,probable,Most recent activity captured in this build. Regional media source rather than a SCASPA release. | REMAP: source 'news-media'->'press': news article
kb-229,corporate,scope,Does SCASPA operate the ports in Nevis?,"No. Nevis has its own authority, the Nevis Air & Sea Ports Authority (NASPA), formed in March 1995. NASPA controls Vance W. Amory International Airport, the Long Point seaport, and the Charlestown Ferry Terminal.",nevis|naspa|charlestown|vance amory|long point|other island,all,https://www.scaspa.com/our-history.html,official-site,2026-07-31,low,confirmed,"CRITICAL SCOPE ROW. Questions about the Nevis side of the ferry run, or Nevis airport, are outside SCASPA's remit and route to NASPA."
kb-230,corporate,values,What are SCASPA's core values?,"SCASPA lists seven core values: Exceptional Customer Service, Safety, Reliability, Accountability, Professionalism, Innovation, and Trust.",core values|values|principles|culture|ethos,all,https://www.scaspa.com/company-profile.html,official-site,2026-07-31,low,confirmed,
kb-231,corporate,vision,What is SCASPA's vision?,"To be a leading provider of safe, secure and customer-focused air and sea ports services in the Caribbean.",vision|vision statement|goal|aspiration,all,https://www.scaspa.com/company-profile.html,official-site,2026-07-31,low,confirmed,A May 2024 CEO interview words this as 'within the Eastern Caribbean'; the website says 'in the Caribbean'. Prefer the website wording.
kb-232,corporate,workforce,How many people does SCASPA employ?,SCASPA was described as having over 300 employees in 2021. A current headcount is not published; contact SCASPA for an up-to-date figure.,employees|staff numbers|how many workers|headcount|workforce size|checked bag weight|bag limit,all,https://www.sknis.gov.kn/2021/09/27/ivor-keithley-phillip-appointed-chief-executive-officer-of-scaspa/,press,2021-09-27,medium,probable,Figure is five years old. Always qualify with the year; never state as current. | REMAP: source 'gov-news'->'press': government press release
